  0
SECTION
  2
HEADER
  9
$ACADVER
  1
AC1015
  9
$ACADMAINTVER
 70
     6
  9
$DWGCODEPAGE
  3
ANSI_1252
  9
$INSBASE
 10
0.0
 20
0.0
 30
0.0
  9
$EXTMIN
 10
-58.4709657065
 20
-33.6840040202
 30
0.0
  9
$EXTMAX
 10
-51.4709657065
 20
-24.6840040202
 30
0.0
  9
$LIMMIN
 10
0.0
 20
0.0
  9
$LIMMAX
 10
12.0
 20
9.0
  9
$ORTHOMODE
 70
     0
  9
$REGENMODE
 70
     1
  9
$FILLMODE
 70
     1
  9
$QTEXTMODE
 70
     0
  9
$MIRRTEXT
 70
     1
  9
$LTSCALE
 40
1.0
  9
$ATTMODE
 70
     1
  9
$TEXTSIZE
 40
0.1377952756
  9
$TRACEWID
 40
0.05
  9
$TEXTSTYLE
  7
Standard
  9
$CLAYER
  8
0
  9
$CELTYPE
  6
ByLayer
  9
$CECOLOR
 62
   256
  9
$CELTSCALE
 40
1.0
  9
$DISPSILH
 70
     0
  9
$DIMSCALE
 40
1.0
  9
$DIMASZ
 40
0.13
  9
$DIMEXO
 40
0.0
  9
$DIMDLI
 40
0.38
  9
$DIMRND
 40
0.0
  9
$DIMDLE
 40
0.0
  9
$DIMEXE
 40
0.125
  9
$DIMTP
 40
0.0
  9
$DIMTM
 40
0.0
  9
$DIMTXT
 40
0.1377952756
  9
$DIMCEN
 40
0.09
  9
$DIMTSZ
 40
0.0
  9
$DIMTOL
 70
     0
  9
$DIMLIM
 70
     0
  9
$DIMTIH
 70
     1
  9
$DIMTOH
 70
     1
  9
$DIMSE1
 70
     0
  9
$DIMSE2
 70
     0
  9
$DIMTAD
 70
     1
  9
$DIMZIN
 70
     1
  9
$DIMBLK
  1

  9
$DIMASO
 70
     1
  9
$DIMSHO
 70
     1
  9
$DIMPOST
  1

  9
$DIMAPOST
  1

  9
$DIMALT
 70
     0
  9
$DIMALTD
 70
     2
  9
$DIMALTF
 40
25.4
  9
$DIMLFAC
 40
1.0
  9
$DIMTOFL
 70
     0
  9
$DIMTVP
 40
0.0
  9
$DIMTIX
 70
     0
  9
$DIMSOXD
 70
     0
  9
$DIMSAH
 70
     0
  9
$DIMBLK1
  1

  9
$DIMBLK2
  1

  9
$DIMSTYLE
  2
Standard
  9
$DIMCLRD
 70
     0
  9
$DIMCLRE
 70
     0
  9
$DIMCLRT
 70
     0
  9
$DIMTFAC
 40
1.0
  9
$DIMGAP
 40
0.06
  9
$DIMJUST
 70
     0
  9
$DIMSD1
 70
     0
  9
$DIMSD2
 70
     0
  9
$DIMTOLJ
 70
     1
  9
$DIMTZIN
 70
     1
  9
$DIMALTZ
 70
     0
  9
$DIMALTTZ
 70
     0
  9
$DIMUPT
 70
     0
  9
$DIMDEC
 70
     2
  9
$DIMTDEC
 70
     2
  9
$DIMALTU
 70
     2
  9
$DIMALTTD
 70
     2
  9
$DIMTXSTY
  7
Standard
  9
$DIMAUNIT
 70
     0
  9
$DIMADEC
 70
     2
  9
$DIMALTRND
 40
0.0
  9
$DIMAZIN
 70
     0
  9
$DIMDSEP
 70
    46
  9
$DIMATFIT
 70
     3
  9
$DIMFRAC
 70
     0
  9
$DIMLDRBLK
  1

  9
$DIMLUNIT
 70
     2
  9
$DIMLWD
 70
    -2
  9
$DIMLWE
 70
    -2
  9
$DIMTMOVE
 70
     0
  9
$LUNITS
 70
     2
  9
$LUPREC
 70
     2
  9
$SKETCHINC
 40
0.1
  9
$FILLETRAD
 40
0.0
  9
$AUNITS
 70
     0
  9
$AUPREC
 70
     2
  9
$MENU
  1
.
  9
$ELEVATION
 40
0.0
  9
$PELEVATION
 40
0.0
  9
$THICKNESS
 40
0.0
  9
$LIMCHECK
 70
     0
  9
$CHAMFERA
 40
0.0
  9
$CHAMFERB
 40
0.0
  9
$CHAMFERC
 40
0.0
  9
$CHAMFERD
 40
0.0
  9
$SKPOLY
 70
     0
  9
$TDCREATE
 40
2461061.398741898
  9
$TDUCREATE
 40
2461061.607075232
  9
$TDUPDATE
 40
2461061.398860405
  9
$TDUUPDATE
 40
2461061.607193738
  9
$TDINDWG
 40
0.0000000116
  9
$TDUSRTIMER
 40
0.0000000116
  9
$USRTIMER
 70
     1
  9
$ANGBASE
 50
0.0
  9
$ANGDIR
 70
     0
  9
$PDMODE
 70
     0
  9
$PDSIZE
 40
-1.0
  9
$PLINEWID
 40
0.0
  9
$SPLFRAME
 70
     0
  9
$SPLINETYPE
 70
     6
  9
$SPLINESEGS
 70
     8
  9
$HANDSEED
  5
56E
  9
$SURFTAB1
 70
     6
  9
$SURFTAB2
 70
     6
  9
$SURFTYPE
 70
     6
  9
$SURFU
 70
     6
  9
$SURFV
 70
     6
  9
$UCSBASE
  2

  9
$UCSNAME
  2

  9
$UCSORG
 10
0.0
 20
0.0
 30
0.0
  9
$UCSXDIR
 10
1.0
 20
0.0
 30
0.0
  9
$UCSYDIR
 10
0.0
 20
1.0
 30
0.0
  9
$UCSORTHOREF
  2

  9
$UCSORTHOVIEW
 70
     0
  9
$UCSORGTOP
 10
0.0
 20
0.0
 30
0.0
  9
$UCSORGBOTTOM
 10
0.0
 20
0.0
 30
0.0
  9
$UCSORGLEFT
 10
0.0
 20
0.0
 30
0.0
  9
$UCSORGRIGHT
 10
0.0
 20
0.0
 30
0.0
  9
$UCSORGFRONT
 10
0.0
 20
0.0
 30
0.0
  9
$UCSORGBACK
 10
0.0
 20
0.0
 30
0.0
  9
$PUCSBASE
  2

  9
$PUCSNAME
  2

  9
$PUCSORG
 10
0.0
 20
0.0
 30
0.0
  9
$PUCSXDIR
 10
1.0
 20
0.0
 30
0.0
  9
$PUCSYDIR
 10
0.0
 20
1.0
 30
0.0
  9
$PUCSORTHOREF
  2

  9
$PUCSORTHOVIEW
 70
     0
  9
$PUCSORGTOP
 10
0.0
 20
0.0
 30
0.0
  9
$PUCSORGBOTTOM
 10
0.0
 20
0.0
 30
0.0
  9
$PUCSORGLEFT
 10
0.0
 20
0.0
 30
0.0
  9
$PUCSORGRIGHT
 10
0.0
 20
0.0
 30
0.0
  9
$PUCSORGFRONT
 10
0.0
 20
0.0
 30
0.0
  9
$PUCSORGBACK
 10
0.0
 20
0.0
 30
0.0
  9
$USERI1
 70
     0
  9
$USERI2
 70
     0
  9
$USERI3
 70
     0
  9
$USERI4
 70
     0
  9
$USERI5
 70
     0
  9
$USERR1
 40
0.0
  9
$USERR2
 40
0.0
  9
$USERR3
 40
0.0
  9
$USERR4
 40
0.0
  9
$USERR5
 40
0.0
  9
$WORLDVIEW
 70
     1
  9
$SHADEDGE
 70
     3
  9
$SHADEDIF
 70
    70
  9
$TILEMODE
 70
     1
  9
$MAXACTVP
 70
    64
  9
$PINSBASE
 10
0.0
 20
0.0
 30
0.0
  9
$PLIMCHECK
 70
     0
  9
$PEXTMIN
 10
1.0000000000E+20
 20
1.0000000000E+20
 30
1.0000000000E+20
  9
$PEXTMAX
 10
-1.0000000000E+20
 20
-1.0000000000E+20
 30
-1.0000000000E+20
  9
$PLIMMIN
 10
0.0
 20
0.0
  9
$PLIMMAX
 10
12.0
 20
9.0
  9
$UNITMODE
 70
     0
  9
$VISRETAIN
 70
     1
  9
$PLINEGEN
 70
     0
  9
$PSLTSCALE
 70
     1
  9
$TREEDEPTH
 70
  3020
  9
$CMLSTYLE
  2
Standard
  9
$CMLJUST
 70
     0
  9
$CMLSCALE
 40
1.0
  9
$PROXYGRAPHICS
 70
     1
  9
$MEASUREMENT
 70
     0
  9
$CELWEIGHT
370
    -1
  9
$ENDCAPS
280
     0
  9
$JOINSTYLE
280
     0
  9
$LWDISPLAY
290
     1
  9
$INSUNITS
 70
     1
  9
$HYPERLINKBASE
  1

  9
$STYLESHEET
  1

  9
$XEDIT
290
     1
  9
$CEPSNTYPE
380
     0
  9
$PSTYLEMODE
290
     1
  9
$FINGERPRINTGUID
  2
{b74d2fd6-4007-4d0b-bb76-4e9d209d9c5d}
  9
$VERSIONGUID
  2
{FAEB1C32-E019-11D5-929B-00C0DF256EC4}
  9
$EXTNAMES
290
     1
  9
$PSVPSCALE
 40
0.0
  9
$OLESTARTUP
290
     0
  0
ENDSEC
  0
SECTION
  2
CLASSES
  0
CLASS
  1
ACDBDICTIONARYWDFLT
  2
AcDbDictionaryWithDefault
  3
ObjectDBX Classes
 90
        0
280
     0
281
     0
  0
CLASS
  1
VISUALSTYLE
  2
AcDbVisualStyle
  3
ObjectDBX Classes
 90
     4095
280
     0
281
     0
  0
CLASS
  1
MATERIAL
  2
AcDbMaterial
  3
ObjectDBX Classes
 90
     1153
280
     0
281
     0
  0
CLASS
  1
SCALE
  2
AcDbScale
  3
ObjectDBX Classes
 90
     1153
280
     0
281
     0
  0
CLASS
  1
TABLESTYLE
  2
AcDbTableStyle
  3
ObjectDBX Classes
 90
     4095
280
     0
281
     0
  0
CLASS
  1
MLEADERSTYLE
  2
AcDbMLeaderStyle
  3
ACDB_MLEADERSTYLE_CLASS
 90
     4095
280
     0
281
     0
  0
CLASS
  1
SUN
  2
AcDbSun
  3
SCENEOE
 90
     1153
280
     0
281
     0
  0
CLASS
  1
ACDBPLACEHOLDER
  2
AcDbPlaceHolder
  3
ObjectDBX Classes
 90
        0
280
     0
281
     0
  0
CLASS
  1
LAYOUT
  2
AcDbLayout
  3
ObjectDBX Classes
 90
        0
280
     0
281
     0
  0
ENDSEC
  0
SECTION
  2
TABLES
  0
TABLE
  2
VPORT
  5
8
330
0
100
AcDbSymbolTable
 70
     1
  0
VPORT
  5
29
330
8
100
AcDbSymbolTableRecord
100
AcDbViewportTableRecord
  2
*Active
 70
     0
 10
0.0
 20
0.0
 11
1.0
 21
1.0
 12
-54.9709657065
 22
-29.1840040202
 13
0.0
 23
0.0
 14
0.5
 24
0.5
 15
0.5
 25
0.5
 16
0.0
 26
0.0
 36
1.0
 17
0.0
 27
0.0
 37
0.0
 40
9.18
 41
0.7777777778
 42
50.0
 43
0.0
 44
0.0
 50
0.0
 51
0.0
 71
     0
 72
   100
 73
     1
 74
     3
 75
     0
 76
     0
 77
     0
 78
     0
281
     0
 65
     1
110
0.0
120
0.0
130
0.0
111
1.0
121
0.0
131
0.0
112
0.0
122
1.0
132
0.0
 79
     0
146
0.0
  0
ENDTAB
  0
TABLE
  2
LTYPE
  5
5
330
0
100
AcDbSymbolTable
 70
     6
  0
LTYPE
  5
14
330
5
100
AcDbSymbolTableRecord
100
AcDbLinetypeTableRecord
  2
ByBlock
 70
     0
  3

 72
    65
 73
     0
 40
0.0
  0
LTYPE
  5
15
330
5
100
AcDbSymbolTableRecord
100
AcDbLinetypeTableRecord
  2
ByLayer
 70
     0
  3

 72
    65
 73
     0
 40
0.0
  0
LTYPE
  5
16
330
5
100
AcDbSymbolTableRecord
100
AcDbLinetypeTableRecord
  2
Continuous
 70
     0
  3
Solid line
 72
    65
 73
     0
 40
0.0
  0
LTYPE
  5
5E
330
5
100
AcDbSymbolTableRecord
100
AcDbLinetypeTableRecord
  2
HIDDEN
 70
     0
  3
Hidden __ __ __ __ __ __ __ __ __ __ __ __ __ __
 72
    65
 73
     2
 40
0.075
 49
0.05
 74
     0
 49
-0.025
 74
     0
  0
LTYPE
  5
5F
330
5
100
AcDbSymbolTableRecord
100
AcDbLinetypeTableRecord
  2
PHANTOM
 70
     0
  3
Phantom ______  __  __  ______  __  __  ______
 72
    65
 73
     6
 40
0.5
 49
0.25
 74
     0
 49
-0.05
 74
     0
 49
0.05
 74
     0
 49
-0.05
 74
     0
 49
0.05
 74
     0
 49
-0.05
 74
     0
  0
LTYPE
  5
60
330
5
100
AcDbSymbolTableRecord
100
AcDbLinetypeTableRecord
  2
CENTER
 70
     0
  3
Center ____ _ ____ _ ____ _ ____ _ ____ _ ____
 72
    65
 73
     4
 40
0.4
 49
0.25
 74
     0
 49
-0.05
 74
     0
 49
0.05
 74
     0
 49
-0.05
 74
     0
  0
LTYPE
  5
61
330
5
100
AcDbSymbolTableRecord
100
AcDbLinetypeTableRecord
  2
CENTERX2
 70
     0
  3
Center (2x) ________  __  ________  __  _____
 72
    65
 73
     4
 40
0.8
 49
0.5
 74
     0
 49
-0.1
 74
     0
 49
0.1
 74
     0
 49
-0.1
 74
     0
  0
LTYPE
  5
62
330
5
100
AcDbSymbolTableRecord
100
AcDbLinetypeTableRecord
  2
DOT2
 70
     0
  3
Dot (.5x) ........................................
 72
    65
 73
     2
 40
0.025
 49
0.0
 74
     0
 49
-0.025
 74
     0
  0
ENDTAB
  0
TABLE
  2
LAYER
  5
2
330
0
100
AcDbSymbolTable
 70
     1
  0
LAYER
  5
10
330
2
100
AcDbSymbolTableRecord
100
AcDbLayerTableRecord
  2
0
 70
     0
 62
     7
  6
Continuous
370
    -3
390
F
  0
ENDTAB
  0
TABLE
  2
STYLE
  5
3
330
0
100
AcDbSymbolTable
 70
     2
  0
STYLE
  5
11
330
3
100
AcDbSymbolTableRecord
100
AcDbTextStyleTableRecord
  2
Standard
 70
     0
 40
0.0
 41
1.0
 50
0.0
 71
     0
 42
0.1377952756
  3
txt
  4

  0
STYLE
  5
56A
330
3
100
AcDbSymbolTableRecord
100
AcDbTextStyleTableRecord
  2
SLDTEXTSTYLE0
 70
     0
 40
0.0
 41
0.7
 50
0.0
 71
     0
 42
0.1377952756
  3
TXT
  4

  0
ENDTAB
  0
TABLE
  2
VIEW
  5
6
330
0
100
AcDbSymbolTable
 70
     0
  0
ENDTAB
  0
TABLE
  2
UCS
  5
7
330
0
100
AcDbSymbolTable
 70
     0
  0
ENDTAB
  0
TABLE
  2
APPID
  5
9
330
0
100
AcDbSymbolTable
 70
     1
  0
APPID
  5
12
330
9
100
AcDbSymbolTableRecord
100
AcDbRegAppTableRecord
  2
ACAD
 70
     0
  0
ENDTAB
  0
TABLE
  2
DIMSTYLE
  5
A
330
0
100
AcDbSymbolTable
 70
     1
100
AcDbDimStyleTable
  0
DIMSTYLE
105
27
330
A
100
AcDbSymbolTableRecord
100
AcDbDimStyleTableRecord
  2
Standard
 70
     0
178
     0
340
11
  0
ENDTAB
  0
TABLE
  2
BLOCK_RECORD
  5
1
330
0
100
AcDbSymbolTable
 70
     1
  0
BLOCK_RECORD
  5
1F
330
1
100
AcDbSymbolTableRecord
100
AcDbBlockTableRecord
  2
*Model_Space
340
22
  0
BLOCK_RECORD
  5
1B
330
1
100
AcDbSymbolTableRecord
100
AcDbBlockTableRecord
  2
*Paper_Space
340
1E
  0
BLOCK_RECORD
  5
23
330
1
100
AcDbSymbolTableRecord
100
AcDbBlockTableRecord
  2
*Paper_Space0
340
26
  0
ENDTAB
  0
ENDSEC
  0
SECTION
  2
BLOCKS
  0
BLOCK
  5
20
330
1F
100
AcDbEntity
  8
0
100
AcDbBlockBegin
  2
*Model_Space
 70
     0
 10
0.0
 20
0.0
 30
0.0
  3
*Model_Space
  1

  0
ENDBLK
  5
21
330
1F
100
AcDbEntity
  8
0
100
AcDbBlockEnd
  0
BLOCK
  5
1C
330
1B
100
AcDbEntity
 67
     1
  8
0
100
AcDbBlockBegin
  2
*Paper_Space
 70
     0
 10
0.0
 20
0.0
 30
0.0
  3
*Paper_Space
  1

  0
ENDBLK
  5
1D
330
1B
100
AcDbEntity
 67
     1
  8
0
100
AcDbBlockEnd
  0
BLOCK
  5
24
330
23
100
AcDbEntity
  8
0
100
AcDbBlockBegin
  2
*Paper_Space0
 70
     0
 10
0.0
 20
0.0
 30
0.0
  3
*Paper_Space0
  1

  0
ENDBLK
  5
25
330
23
100
AcDbEntity
  8
0
100
AcDbBlockEnd
  0
ENDSEC
  0
SECTION
  2
ENTITIES
  0
CIRCLE
  5
6B
330
1F
100
AcDbEntity
  8
0
  6
Continuous
 62
     7
370
    25
100
AcDbCircle
 10
-52.7709657065
 20
-27.3840040202
 30
0.0
 40
0.0499999999999972
  0
CIRCLE
  5
6C
330
1F
100
AcDbEntity
  8
0
  6
Continuous
 62
     7
370
    25
100
AcDbCircle
 10
-52.3709657065
 20
-29.9840040202
 30
0.0
 40
0.0499999999999972
  0
CIRCLE
  5
6D
330
1F
100
AcDbEntity
  8
0
  6
Continuous
 62
     7
370
    25
100
AcDbCircle
 10
-52.3709657065
 20
-30.5840040202
 30
0.0
 40
0.0500000000000043
  0
CIRCLE
  5
6E
330
1F
100
AcDbEntity
  8
0
  6
Continuous
 62
     7
370
    25
100
AcDbCircle
 10
-52.3709657065
 20
-30.3840040202
 30
0.0
 40
0.0499999999999972
  0
CIRCLE
  5
6F
330
1F
100
AcDbEntity
  8
0
  6
Continuous
 62
     7
370
    25
100
AcDbCircle
 10
-51.9709657065
 20
-30.9840040202
 30
0.0
 40
0.0499999999999972
  0
CIRCLE
  5
70
330
1F
100
AcDbEntity
  8
0
  6
Continuous
 62
     7
370
    25
100
AcDbCircle
 10
-52.3709657065
 20
-30.7840040202
 30
0.0
 40
0.0500000000000043
  0
CIRCLE
  5
71
330
1F
100
AcDbEntity
  8
0
  6
Continuous
 62
     7
370
    25
100
AcDbCircle
 10
-52.3709657065
 20
-31.3840040202
 30
0.0
 40
0.0500000000000043
  0
CIRCLE
  5
72
330
1F
100
AcDbEntity
  8
0
  6
Continuous
 62
     7
370
    25
100
AcDbCircle
 10
-52.3709657065
 20
-31.1840040202
 30
0.0
 40
0.0500000000000043
  0
CIRCLE
  5
73
330
1F
100
AcDbEntity
  8
0
  6
Continuous
 62
     7
370
    25
100
AcDbCircle
 10
-52.3709657065
 20
-30.1840040202
 30
0.0
 40
0.0499999999999972
  0
CIRCLE
  5
74
330
1F
100
AcDbEntity
  8
0
  6
Continuous
 62
     7
370
    25
100
AcDbCircle
 10
-51.9709657065
 20
-29.9840040202
 30
0.0
 40
0.0500000000000043
  0
CIRCLE
  5
75
330
1F
100
AcDbEntity
  8
0
  6
Continuous
 62
     7
370
    25
100
AcDbCircle
 10
-51.9709657065
 20
-30.5840040202
 30
0.0
 40
0.0499999999999972
  0
CIRCLE
  5
76
330
1F
100
AcDbEntity
  8
0
  6
Continuous
 62
     7
370
    25
100
AcDbCircle
 10
-51.9709657065
 20
-30.3840040202
 30
0.0
 40
0.0500000000000043
  0
CIRCLE
  5
77
330
1F
100
AcDbEntity
  8
0
  6
Continuous
 62
     7
370
    25
100
AcDbCircle
 10
-51.9709657065
 20
-32.5840040202
 30
0.0
 40
0.0499999999999972
  0
CIRCLE
  5
78
330
1F
100
AcDbEntity
  8
0
  6
Continuous
 62
     7
370
    25
100
AcDbCircle
 10
-51.9709657065
 20
-30.7840040202
 30
0.0
 40
0.0499999999999972
  0
CIRCLE
  5
79
330
1F
100
AcDbEntity
  8
0
  6
Continuous
 62
     7
370
    25
100
AcDbCircle
 10
-51.9709657065
 20
-31.3840040202
 30
0.0
 40
0.0500000000000114
  0
CIRCLE
  5
7A
330
1F
100
AcDbEntity
  8
0
  6
Continuous
 62
     7
370
    25
100
AcDbCircle
 10
-51.9709657065
 20
-31.1840040202
 30
0.0
 40
0.0499999999999972
  0
CIRCLE
  5
7B
330
1F
100
AcDbEntity
  8
0
  6
Continuous
 62
     7
370
    25
100
AcDbCircle
 10
-51.9709657065
 20
-30.1840040202
 30
0.0
 40
0.0500000000000043
  0
CIRCLE
  5
7C
330
1F
100
AcDbEntity
  8
0
  6
Continuous
 62
     7
370
    25
100
AcDbCircle
 10
-52.3709657065
 20
-29.3840040202
 30
0.0
 40
0.0499999999999972
  0
CIRCLE
  5
7D
330
1F
100
AcDbEntity
  8
0
  6
Continuous
 62
     7
370
    25
100
AcDbCircle
 10
-52.1709657065
 20
-29.5840040202
 30
0.0
 40
0.0500000000000114
  0
CIRCLE
  5
7E
330
1F
100
AcDbEntity
  8
0
  6
Continuous
 62
     7
370
    25
100
AcDbCircle
 10
-52.1709657065
 20
-29.7840040202
 30
0.0
 40
0.0500000000000043
  0
CIRCLE
  5
7F
330
1F
100
AcDbEntity
  8
0
  6
Continuous
 62
     7
370
    25
100
AcDbCircle
 10
-52.3709657065
 20
-33.1840040202
 30
0.0
 40
0.0500000000000043
  0
CIRCLE
  5
80
330
1F
100
AcDbEntity
  8
0
  6
Continuous
 62
     7
370
    25
100
AcDbCircle
 10
-52.1709657065
 20
-29.9840040202
 30
0.0
 40
0.0500000000000043
  0
CIRCLE
  5
81
330
1F
100
AcDbEntity
  8
0
  6
Continuous
 62
     7
370
    25
100
AcDbCircle
 10
-52.1709657065
 20
-30.5840040202
 30
0.0
 40
0.0499999999999972
  0
CIRCLE
  5
82
330
1F
100
AcDbEntity
  8
0
  6
Continuous
 62
     7
370
    25
100
AcDbCircle
 10
-52.1709657065
 20
-30.3840040202
 30
0.0
 40
0.0500000000000043
  0
CIRCLE
  5
83
330
1F
100
AcDbEntity
  8
0
  6
Continuous
 62
     7
370
    25
100
AcDbCircle
 10
-52.1709657065
 20
-29.3840040202
 30
0.0
 40
0.0500000000000114
  0
CIRCLE
  5
84
330
1F
100
AcDbEntity
  8
0
  6
Continuous
 62
     7
370
    25
100
AcDbCircle
 10
-52.5709657065
 20
-32.3840040202
 30
0.0
 40
0.0500000000000043
  0
CIRCLE
  5
85
330
1F
100
AcDbEntity
  8
0
  6
Continuous
 62
     7
370
    25
100
AcDbCircle
 10
-52.5709657065
 20
-32.9840040202
 30
0.0
 40
0.0499999999999972
  0
CIRCLE
  5
86
330
1F
100
AcDbEntity
  8
0
  6
Continuous
 62
     7
370
    25
100
AcDbCircle
 10
-52.5709657065
 20
-32.7840040202
 30
0.0
 40
0.0500000000000043
  0
CIRCLE
  5
87
330
1F
100
AcDbEntity
  8
0
  6
Continuous
 62
     7
370
    25
100
AcDbCircle
 10
-52.3709657065
 20
-30.9840040202
 30
0.0
 40
0.0500000000000043
  0
CIRCLE
  5
88
330
1F
100
AcDbEntity
  8
0
  6
Continuous
 62
     7
370
    25
100
AcDbCircle
 10
-52.5709657065
 20
-33.1840040202
 30
0.0
 40
0.0500000000000043
  0
CIRCLE
  5
89
330
1F
100
AcDbEntity
  8
0
  6
Continuous
 62
     7
370
    25
100
AcDbCircle
 10
-52.3709657065
 20
-29.7840040202
 30
0.0
 40
0.0499999999999972
  0
CIRCLE
  5
8A
330
1F
100
AcDbEntity
  8
0
  6
Continuous
 62
     7
370
    25
100
AcDbCircle
 10
-52.3709657065
 20
-29.5840040202
 30
0.0
 40
0.0499999999999972
  0
CIRCLE
  5
8B
330
1F
100
AcDbEntity
  8
0
  6
Continuous
 62
     7
370
    25
100
AcDbCircle
 10
-52.5709657065
 20
-32.5840040202
 30
0.0
 40
0.0500000000000043
  0
CIRCLE
  5
8C
330
1F
100
AcDbEntity
  8
0
  6
Continuous
 62
     7
370
    25
100
AcDbCircle
 10
-52.1709657065
 20
-32.3840040202
 30
0.0
 40
0.0500000000000043
  0
CIRCLE
  5
8D
330
1F
100
AcDbEntity
  8
0
  6
Continuous
 62
     7
370
    25
100
AcDbCircle
 10
-52.1709657065
 20
-32.9840040202
 30
0.0
 40
0.0500000000000043
  0
CIRCLE
  5
8E
330
1F
100
AcDbEntity
  8
0
  6
Continuous
 62
     7
370
    25
100
AcDbCircle
 10
-52.1709657065
 20
-32.7840040202
 30
0.0
 40
0.0500000000000114
  0
CIRCLE
  5
8F
330
1F
100
AcDbEntity
  8
0
  6
Continuous
 62
     7
370
    25
100
AcDbCircle
 10
-53.1709657065
 20
-27.9840040202
 30
0.0
 40
0.0500000000000043
  0
CIRCLE
  5
90
330
1F
100
AcDbEntity
  8
0
  6
Continuous
 62
     7
370
    25
100
AcDbCircle
 10
-52.1709657065
 20
-33.1840040202
 30
0.0
 40
0.0500000000000043
  0
CIRCLE
  5
91
330
1F
100
AcDbEntity
  8
0
  6
Continuous
 62
     7
370
    25
100
AcDbCircle
 10
-51.9709657065
 20
-29.7840040202
 30
0.0
 40
0.0500000000000043
  0
CIRCLE
  5
92
330
1F
100
AcDbEntity
  8
0
  6
Continuous
 62
     7
370
    25
100
AcDbCircle
 10
-51.9709657065
 20
-29.5840040202
 30
0.0
 40
0.0500000000000043
  0
CIRCLE
  5
93
330
1F
100
AcDbEntity
  8
0
  6
Continuous
 62
     7
370
    25
100
AcDbCircle
 10
-52.1709657065
 20
-32.5840040202
 30
0.0
 40
0.0500000000000043
  0
CIRCLE
  5
94
330
1F
100
AcDbEntity
  8
0
  6
Continuous
 62
     7
370
    25
100
AcDbCircle
 10
-53.1709657065
 20
-26.9840040202
 30
0.0
 40
0.0500000000000114
  0
CIRCLE
  5
95
330
1F
100
AcDbEntity
  8
0
  6
Continuous
 62
     7
370
    25
100
AcDbCircle
 10
-53.1709657065
 20
-27.5840040202
 30
0.0
 40
0.0500000000000043
  0
CIRCLE
  5
96
330
1F
100
AcDbEntity
  8
0
  6
Continuous
 62
     7
370
    25
100
AcDbCircle
 10
-53.1709657065
 20
-27.3840040202
 30
0.0
 40
0.0500000000000043
  0
CIRCLE
  5
97
330
1F
100
AcDbEntity
  8
0
  6
Continuous
 62
     7
370
    25
100
AcDbCircle
 10
-53.3709657065
 20
-25.5840040202
 30
0.0
 40
0.0500000000000043
  0
CIRCLE
  5
98
330
1F
100
AcDbEntity
  8
0
  6
Continuous
 62
     7
370
    25
100
AcDbCircle
 10
-53.1709657065
 20
-27.7840040202
 30
0.0
 40
0.0500000000000043
  0
CIRCLE
  5
99
330
1F
100
AcDbEntity
  8
0
  6
Continuous
 62
     7
370
    25
100
AcDbCircle
 10
-53.1709657065
 20
-28.3840040202
 30
0.0
 40
0.0500000000000043
  0
CIRCLE
  5
9A
330
1F
100
AcDbEntity
  8
0
  6
Continuous
 62
     7
370
    25
100
AcDbCircle
 10
-53.1709657065
 20
-28.1840040202
 30
0.0
 40
0.0500000000000043
  0
CIRCLE
  5
9B
330
1F
100
AcDbEntity
  8
0
  6
Continuous
 62
     7
370
    25
100
AcDbCircle
 10
-53.1709657065
 20
-27.1840040202
 30
0.0
 40
0.0500000000000043
  0
CIRCLE
  5
9C
330
1F
100
AcDbEntity
  8
0
  6
Continuous
 62
     7
370
    25
100
AcDbCircle
 10
-51.9709657065
 20
-31.5840040202
 30
0.0
 40
0.0500000000000114
  0
CIRCLE
  5
9D
330
1F
100
AcDbEntity
  8
0
  6
Continuous
 62
     7
370
    25
100
AcDbCircle
 10
-51.9709657065
 20
-32.1840040202
 30
0.0
 40
0.0499999999999972
  0
CIRCLE
  5
9E
330
1F
100
AcDbEntity
  8
0
  6
Continuous
 62
     7
370
    25
100
AcDbCircle
 10
-51.9709657065
 20
-31.9840040202
 30
0.0
 40
0.0500000000000114
  0
CIRCLE
  5
9F
330
1F
100
AcDbEntity
  8
0
  6
Continuous
 62
     7
370
    25
100
AcDbCircle
 10
-52.1709657065
 20
-31.7840040202
 30
0.0
 40
0.0499999999999972
  0
CIRCLE
  5
A0
330
1F
100
AcDbEntity
  8
0
  6
Continuous
 62
     7
370
    25
100
AcDbCircle
 10
-51.9709657065
 20
-32.3840040202
 30
0.0
 40
0.0499999999999972
  0
CIRCLE
  5
A1
330
1F
100
AcDbEntity
  8
0
  6
Continuous
 62
     7
370
    25
100
AcDbCircle
 10
-51.9709657065
 20
-32.9840040202
 30
0.0
 40
0.0499999999999901
  0
CIRCLE
  5
A2
330
1F
100
AcDbEntity
  8
0
  6
Continuous
 62
     7
370
    25
100
AcDbCircle
 10
-51.9709657065
 20
-32.7840040202
 30
0.0
 40
0.0500000000000043
  0
CIRCLE
  5
A3
330
1F
100
AcDbEntity
  8
0
  6
Continuous
 62
     7
370
    25
100
AcDbCircle
 10
-51.9709657065
 20
-31.7840040202
 30
0.0
 40
0.0500000000000114
  0
CIRCLE
  5
A4
330
1F
100
AcDbEntity
  8
0
  6
Continuous
 62
     7
370
    25
100
AcDbCircle
 10
-52.1709657065
 20
-30.7840040202
 30
0.0
 40
0.0499999999999972
  0
CIRCLE
  5
A5
330
1F
100
AcDbEntity
  8
0
  6
Continuous
 62
     7
370
    25
100
AcDbCircle
 10
-52.1709657065
 20
-31.3840040202
 30
0.0
 40
0.0499999999999972
  0
CIRCLE
  5
A6
330
1F
100
AcDbEntity
  8
0
  6
Continuous
 62
     7
370
    25
100
AcDbCircle
 10
-52.1709657065
 20
-31.1840040202
 30
0.0
 40
0.0499999999999972
  0
CIRCLE
  5
A7
330
1F
100
AcDbEntity
  8
0
  6
Continuous
 62
     7
370
    25
100
AcDbCircle
 10
-51.9709657065
 20
-29.3840040202
 30
0.0
 40
0.0500000000000043
  0
CIRCLE
  5
A8
330
1F
100
AcDbEntity
  8
0
  6
Continuous
 62
     7
370
    25
100
AcDbCircle
 10
-52.1709657065
 20
-31.5840040202
 30
0.0
 40
0.0499999999999972
  0
CIRCLE
  5
A9
330
1F
100
AcDbEntity
  8
0
  6
Continuous
 62
     7
370
    25
100
AcDbCircle
 10
-52.1709657065
 20
-32.1840040202
 30
0.0
 40
0.0500000000000043
  0
CIRCLE
  5
AA
330
1F
100
AcDbEntity
  8
0
  6
Continuous
 62
     7
370
    25
100
AcDbCircle
 10
-52.1709657065
 20
-31.9840040202
 30
0.0
 40
0.0499999999999972
  0
CIRCLE
  5
AB
330
1F
100
AcDbEntity
  8
0
  6
Continuous
 62
     7
370
    25
100
AcDbCircle
 10
-52.1709657065
 20
-30.9840040202
 30
0.0
 40
0.0499999999999972
  0
CIRCLE
  5
AC
330
1F
100
AcDbEntity
  8
0
  6
Continuous
 62
     7
370
    25
100
AcDbCircle
 10
-53.3709657065
 20
-29.1840040202
 30
0.0
 40
0.0500000000000043
  0
CIRCLE
  5
AD
330
1F
100
AcDbEntity
  8
0
  6
Continuous
 62
     7
370
    25
100
AcDbCircle
 10
-52.7709657065
 20
-29.1840040202
 30
0.0
 40
0.0499999999999972
  0
CIRCLE
  5
AE
330
1F
100
AcDbEntity
  8
0
  6
Continuous
 62
     7
370
    25
100
AcDbCircle
 10
-52.9709657065
 20
-29.1840040202
 30
0.0
 40
0.0500000000000043
  0
CIRCLE
  5
AF
330
1F
100
AcDbEntity
  8
0
  6
Continuous
 62
     7
370
    25
100
AcDbCircle
 10
-52.1709657065
 20
-28.7840040202
 30
0.0
 40
0.0500000000000043
  0
CIRCLE
  5
B0
330
1F
100
AcDbEntity
  8
0
  6
Continuous
 62
     7
370
    25
100
AcDbCircle
 10
-52.5709657065
 20
-29.1840040202
 30
0.0
 40
0.0499999999999972
  0
CIRCLE
  5
B1
330
1F
100
AcDbEntity
  8
0
  6
Continuous
 62
     7
370
    25
100
AcDbCircle
 10
-51.9709657065
 20
-29.1840040202
 30
0.0
 40
0.0500000000000043
  0
CIRCLE
  5
B2
330
1F
100
AcDbEntity
  8
0
  6
Continuous
 62
     7
370
    25
100
AcDbCircle
 10
-52.1709657065
 20
-29.1840040202
 30
0.0
 40
0.0499999999999972
  0
CIRCLE
  5
B3
330
1F
100
AcDbEntity
  8
0
  6
Continuous
 62
     7
370
    25
100
AcDbCircle
 10
-53.1709657065
 20
-29.1840040202
 30
0.0
 40
0.0499999999999901
  0
CIRCLE
  5
B4
330
1F
100
AcDbEntity
  8
0
  6
Continuous
 62
     7
370
    25
100
AcDbCircle
 10
-52.1709657065
 20
-27.7840040202
 30
0.0
 40
0.0500000000000043
  0
CIRCLE
  5
B5
330
1F
100
AcDbEntity
  8
0
  6
Continuous
 62
     7
370
    25
100
AcDbCircle
 10
-52.1709657065
 20
-28.3840040202
 30
0.0
 40
0.0500000000000114
  0
CIRCLE
  5
B6
330
1F
100
AcDbEntity
  8
0
  6
Continuous
 62
     7
370
    25
100
AcDbCircle
 10
-52.1709657065
 20
-28.1840040202
 30
0.0
 40
0.0500000000000114
  0
CIRCLE
  5
B7
330
1F
100
AcDbEntity
  8
0
  6
Continuous
 62
     7
370
    25
100
AcDbCircle
 10
-52.3709657065
 20
-26.3840040202
 30
0.0
 40
0.0500000000000043
  0
CIRCLE
  5
B8
330
1F
100
AcDbEntity
  8
0
  6
Continuous
 62
     7
370
    25
100
AcDbCircle
 10
-52.1709657065
 20
-28.5840040202
 30
0.0
 40
0.0500000000000043
  0
CIRCLE
  5
B9
330
1F
100
AcDbEntity
  8
0
  6
Continuous
 62
     7
370
    25
100
AcDbCircle
 10
-52.3709657065
 20
-25.1840040202
 30
0.0
 40
0.0499999999999972
  0
CIRCLE
  5
BA
330
1F
100
AcDbEntity
  8
0
  6
Continuous
 62
     7
370
    25
100
AcDbCircle
 10
-52.1709657065
 20
-28.9840040202
 30
0.0
 40
0.0500000000000114
  0
CIRCLE
  5
BB
330
1F
100
AcDbEntity
  8
0
  6
Continuous
 62
     7
370
    25
100
AcDbCircle
 10
-52.1709657065
 20
-27.9840040202
 30
0.0
 40
0.0500000000000043
  0
CIRCLE
  5
BC
330
1F
100
AcDbEntity
  8
0
  6
Continuous
 62
     7
370
    25
100
AcDbCircle
 10
-51.9709657065
 20
-26.9840040202
 30
0.0
 40
0.0500000000000043
  0
CIRCLE
  5
BD
330
1F
100
AcDbEntity
  8
0
  6
Continuous
 62
     7
370
    25
100
AcDbCircle
 10
-51.9709657065
 20
-27.5840040202
 30
0.0
 40
0.0500000000000043
  0
CIRCLE
  5
BE
330
1F
100
AcDbEntity
  8
0
  6
Continuous
 62
     7
370
    25
100
AcDbCircle
 10
-51.9709657065
 20
-27.3840040202
 30
0.0
 40
0.0500000000000114
  0
CIRCLE
  5
BF
330
1F
100
AcDbEntity
  8
0
  6
Continuous
 62
     7
370
    25
100
AcDbCircle
 10
-53.9709657065
 20
-29.1840040202
 30
0.0
 40
0.0499999999999972
  0
CIRCLE
  5
C0
330
1F
100
AcDbEntity
  8
0
  6
Continuous
 62
     7
370
    25
100
AcDbCircle
 10
-51.9709657065
 20
-27.7840040202
 30
0.0
 40
0.0500000000000043
  0
CIRCLE
  5
C1
330
1F
100
AcDbEntity
  8
0
  6
Continuous
 62
     7
370
    25
100
AcDbCircle
 10
-51.9709657065
 20
-28.3840040202
 30
0.0
 40
0.0499999999999972
  0
CIRCLE
  5
C2
330
1F
100
AcDbEntity
  8
0
  6
Continuous
 62
     7
370
    25
100
AcDbCircle
 10
-51.9709657065
 20
-28.1840040202
 30
0.0
 40
0.0499999999999972
  0
CIRCLE
  5
C3
330
1F
100
AcDbEntity
  8
0
  6
Continuous
 62
     7
370
    25
100
AcDbCircle
 10
-51.9709657065
 20
-27.1840040202
 30
0.0
 40
0.0500000000000043
  0
CIRCLE
  5
C4
330
1F
100
AcDbEntity
  8
0
  6
Continuous
 62
     7
370
    25
100
AcDbCircle
 10
-51.9709657065
 20
-33.1840040202
 30
0.0
 40
0.0499999999999972
  0
CIRCLE
  5
C5
330
1F
100
AcDbEntity
  8
0
  6
Continuous
 62
     7
370
    25
100
AcDbCircle
 10
-54.3709657065
 20
-29.1840040202
 30
0.0
 40
0.0500000000000043
  0
CIRCLE
  5
C6
330
1F
100
AcDbEntity
  8
0
  6
Continuous
 62
     7
370
    25
100
AcDbCircle
 10
-54.5709657065
 20
-29.1840040202
 30
0.0
 40
0.0499999999999972
  0
CIRCLE
  5
C7
330
1F
100
AcDbEntity
  8
0
  6
Continuous
 62
     7
370
    25
100
AcDbCircle
 10
-52.3709657065
 20
-29.1840040202
 30
0.0
 40
0.0499999999999972
  0
CIRCLE
  5
C8
330
1F
100
AcDbEntity
  8
0
  6
Continuous
 62
     7
370
    25
100
AcDbCircle
 10
-54.1709657065
 20
-29.1840040202
 30
0.0
 40
0.0500000000000043
  0
CIRCLE
  5
C9
330
1F
100
AcDbEntity
  8
0
  6
Continuous
 62
     7
370
    25
100
AcDbCircle
 10
-53.5709657065
 20
-29.1840040202
 30
0.0
 40
0.0500000000000043
  0
CIRCLE
  5
CA
330
1F
100
AcDbEntity
  8
0
  6
Continuous
 62
     7
370
    25
100
AcDbCircle
 10
-53.7709657065
 20
-29.1840040202
 30
0.0
 40
0.0500000000000043
  0
CIRCLE
  5
CB
330
1F
100
AcDbEntity
  8
0
  6
Continuous
 62
     7
370
    25
100
AcDbCircle
 10
-54.7709657065
 20
-29.1840040202
 30
0.0
 40
0.0500000000000043
  0
CIRCLE
  5
CC
330
1F
100
AcDbEntity
  8
0
  6
Continuous
 62
     7
370
    25
100
AcDbCircle
 10
-52.1709657065
 20
-26.1840040202
 30
0.0
 40
0.0500000000000043
  0
CIRCLE
  5
CD
330
1F
100
AcDbEntity
  8
0
  6
Continuous
 62
     7
370
    25
100
AcDbCircle
 10
-52.1709657065
 20
-26.7840040202
 30
0.0
 40
0.0499999999999972
  0
CIRCLE
  5
CE
330
1F
100
AcDbEntity
  8
0
  6
Continuous
 62
     7
370
    25
100
AcDbCircle
 10
-52.1709657065
 20
-26.5840040202
 30
0.0
 40
0.0499999999999972
  0
CIRCLE
  5
CF
330
1F
100
AcDbEntity
  8
0
  6
Continuous
 62
     7
370
    25
100
AcDbCircle
 10
-52.3709657065
 20
-32.5840040202
 30
0.0
 40
0.0499999999999972
  0
CIRCLE
  5
D0
330
1F
100
AcDbEntity
  8
0
  6
Continuous
 62
     7
370
    25
100
AcDbCircle
 10
-52.1709657065
 20
-26.9840040202
 30
0.0
 40
0.0499999999999972
  0
CIRCLE
  5
D1
330
1F
100
AcDbEntity
  8
0
  6
Continuous
 62
     7
370
    25
100
AcDbCircle
 10
-52.1709657065
 20
-27.5840040202
 30
0.0
 40
0.0500000000000043
  0
CIRCLE
  5
D2
330
1F
100
AcDbEntity
  8
0
  6
Continuous
 62
     7
370
    25
100
AcDbCircle
 10
-52.1709657065
 20
-27.3840040202
 30
0.0
 40
0.0500000000000043
  0
CIRCLE
  5
D3
330
1F
100
AcDbEntity
  8
0
  6
Continuous
 62
     7
370
    25
100
AcDbCircle
 10
-52.1709657065
 20
-26.3840040202
 30
0.0
 40
0.0499999999999972
  0
CIRCLE
  5
D4
330
1F
100
AcDbEntity
  8
0
  6
Continuous
 62
     7
370
    25
100
AcDbCircle
 10
-52.3709657065
 20
-31.5840040202
 30
0.0
 40
0.0500000000000043
  0
CIRCLE
  5
D5
330
1F
100
AcDbEntity
  8
0
  6
Continuous
 62
     7
370
    25
100
AcDbCircle
 10
-52.3709657065
 20
-32.1840040202
 30
0.0
 40
0.0499999999999972
  0
CIRCLE
  5
D6
330
1F
100
AcDbEntity
  8
0
  6
Continuous
 62
     7
370
    25
100
AcDbCircle
 10
-52.3709657065
 20
-31.9840040202
 30
0.0
 40
0.0499999999999972
  0
CIRCLE
  5
D7
330
1F
100
AcDbEntity
  8
0
  6
Continuous
 62
     7
370
    25
100
AcDbCircle
 10
-52.1709657065
 20
-30.1840040202
 30
0.0
 40
0.0500000000000043
  0
CIRCLE
  5
D8
330
1F
100
AcDbEntity
  8
0
  6
Continuous
 62
     7
370
    25
100
AcDbCircle
 10
-52.3709657065
 20
-32.3840040202
 30
0.0
 40
0.0499999999999972
  0
CIRCLE
  5
D9
330
1F
100
AcDbEntity
  8
0
  6
Continuous
 62
     7
370
    25
100
AcDbCircle
 10
-52.3709657065
 20
-32.9840040202
 30
0.0
 40
0.0500000000000114
  0
CIRCLE
  5
DA
330
1F
100
AcDbEntity
  8
0
  6
Continuous
 62
     7
370
    25
100
AcDbCircle
 10
-52.3709657065
 20
-32.7840040202
 30
0.0
 40
0.0499999999999972
  0
CIRCLE
  5
DB
330
1F
100
AcDbEntity
  8
0
  6
Continuous
 62
     7
370
    25
100
AcDbCircle
 10
-52.3709657065
 20
-31.7840040202
 30
0.0
 40
0.0500000000000043
  0
CIRCLE
  5
DC
330
1F
100
AcDbEntity
  8
0
  6
Continuous
 62
     7
370
    25
100
AcDbCircle
 10
-52.3709657065
 20
-25.3840040202
 30
0.0
 40
0.0499999999999972
  0
CIRCLE
  5
DD
330
1F
100
AcDbEntity
  8
0
  6
Continuous
 62
     7
370
    25
100
AcDbCircle
 10
-52.3709657065
 20
-25.9840040202
 30
0.0
 40
0.0500000000000114
  0
CIRCLE
  5
DE
330
1F
100
AcDbEntity
  8
0
  6
Continuous
 62
     7
370
    25
100
AcDbCircle
 10
-52.3709657065
 20
-25.7840040202
 30
0.0
 40
0.0499999999999972
  0
CIRCLE
  5
DF
330
1F
100
AcDbEntity
  8
0
  6
Continuous
 62
     7
370
    25
100
AcDbCircle
 10
-52.1709657065
 20
-25.5840040202
 30
0.0
 40
0.0500000000000043
  0
CIRCLE
  5
E0
330
1F
100
AcDbEntity
  8
0
  6
Continuous
 62
     7
370
    25
100
AcDbCircle
 10
-52.3709657065
 20
-26.1840040202
 30
0.0
 40
0.0499999999999972
  0
CIRCLE
  5
E1
330
1F
100
AcDbEntity
  8
0
  6
Continuous
 62
     7
370
    25
100
AcDbCircle
 10
-52.3709657065
 20
-26.7840040202
 30
0.0
 40
0.0500000000000043
  0
CIRCLE
  5
E2
330
1F
100
AcDbEntity
  8
0
  6
Continuous
 62
     7
370
    25
100
AcDbCircle
 10
-52.3709657065
 20
-26.5840040202
 30
0.0
 40
0.0500000000000185
  0
CIRCLE
  5
E3
330
1F
100
AcDbEntity
  8
0
  6
Continuous
 62
     7
370
    25
100
AcDbCircle
 10
-52.3709657065
 20
-25.5840040202
 30
0.0
 40
0.0500000000000114
  0
CIRCLE
  5
E4
330
1F
100
AcDbEntity
  8
0
  6
Continuous
 62
     7
370
    25
100
AcDbCircle
 10
-51.9709657065
 20
-28.5840040202
 30
0.0
 40
0.0499999999999972
  0
CIRCLE
  5
E5
330
1F
100
AcDbEntity
  8
0
  6
Continuous
 62
     7
370
    25
100
AcDbCircle
 10
-52.1709657065
 20
-25.1840040202
 30
0.0
 40
0.0500000000000043
  0
CIRCLE
  5
E6
330
1F
100
AcDbEntity
  8
0
  6
Continuous
 62
     7
370
    25
100
AcDbCircle
 10
-51.9709657065
 20
-28.9840040202
 30
0.0
 40
0.0499999999999972
  0
CIRCLE
  5
E7
330
1F
100
AcDbEntity
  8
0
  6
Continuous
 62
     7
370
    25
100
AcDbCircle
 10
-52.1709657065
 20
-27.1840040202
 30
0.0
 40
0.0500000000000043
  0
CIRCLE
  5
E8
330
1F
100
AcDbEntity
  8
0
  6
Continuous
 62
     7
370
    25
100
AcDbCircle
 10
-52.1709657065
 20
-25.3840040202
 30
0.0
 40
0.0500000000000043
  0
CIRCLE
  5
E9
330
1F
100
AcDbEntity
  8
0
  6
Continuous
 62
     7
370
    25
100
AcDbCircle
 10
-52.1709657065
 20
-25.9840040202
 30
0.0
 40
0.0500000000000043
  0
CIRCLE
  5
EA
330
1F
100
AcDbEntity
  8
0
  6
Continuous
 62
     7
370
    25
100
AcDbCircle
 10
-52.1709657065
 20
-25.7840040202
 30
0.0
 40
0.0500000000000043
  0
CIRCLE
  5
EB
330
1F
100
AcDbEntity
  8
0
  6
Continuous
 62
     7
370
    25
100
AcDbCircle
 10
-51.9709657065
 20
-28.7840040202
 30
0.0
 40
0.0499999999999901
  0
CIRCLE
  5
EC
330
1F
100
AcDbEntity
  8
0
  6
Continuous
 62
     7
370
    25
100
AcDbCircle
 10
-52.3709657065
 20
-28.5840040202
 30
0.0
 40
0.0500000000000043
  0
CIRCLE
  5
ED
330
1F
100
AcDbEntity
  8
0
  6
Continuous
 62
     7
370
    25
100
AcDbCircle
 10
-52.5709657065
 20
-25.1840040202
 30
0.0
 40
0.0500000000000043
  0
CIRCLE
  5
EE
330
1F
100
AcDbEntity
  8
0
  6
Continuous
 62
     7
370
    25
100
AcDbCircle
 10
-52.3709657065
 20
-28.9840040202
 30
0.0
 40
0.0500000000000043
  0
CIRCLE
  5
EF
330
1F
100
AcDbEntity
  8
0
  6
Continuous
 62
     7
370
    25
100
AcDbCircle
 10
-52.9709657065
 20
-25.5840040202
 30
0.0
 40
0.0499999999999972
  0
CIRCLE
  5
F0
330
1F
100
AcDbEntity
  8
0
  6
Continuous
 62
     7
370
    25
100
AcDbCircle
 10
-52.5709657065
 20
-25.3840040202
 30
0.0
 40
0.0500000000000043
  0
CIRCLE
  5
F1
330
1F
100
AcDbEntity
  8
0
  6
Continuous
 62
     7
370
    25
100
AcDbCircle
 10
-52.5709657065
 20
-25.9840040202
 30
0.0
 40
0.0500000000000114
  0
CIRCLE
  5
F2
330
1F
100
AcDbEntity
  8
0
  6
Continuous
 62
     7
370
    25
100
AcDbCircle
 10
-52.3709657065
 20
-28.7840040202
 30
0.0
 40
0.0500000000000185
  0
CIRCLE
  5
F3
330
1F
100
AcDbEntity
  8
0
  6
Continuous
 62
     7
370
    25
100
AcDbCircle
 10
-52.7709657065
 20
-28.5840040202
 30
0.0
 40
0.0500000000000043
  0
CIRCLE
  5
F4
330
1F
100
AcDbEntity
  8
0
  6
Continuous
 62
     7
370
    25
100
AcDbCircle
 10
-52.9709657065
 20
-25.1840040202
 30
0.0
 40
0.0500000000000043
  0
CIRCLE
  5
F5
330
1F
100
AcDbEntity
  8
0
  6
Continuous
 62
     7
370
    25
100
AcDbCircle
 10
-52.7709657065
 20
-28.9840040202
 30
0.0
 40
0.0500000000000043
  0
CIRCLE
  5
F6
330
1F
100
AcDbEntity
  8
0
  6
Continuous
 62
     7
370
    25
100
AcDbCircle
 10
-52.9709657065
 20
-27.1840040202
 30
0.0
 40
0.0500000000000043
  0
CIRCLE
  5
F7
330
1F
100
AcDbEntity
  8
0
  6
Continuous
 62
     7
370
    25
100
AcDbCircle
 10
-52.9709657065
 20
-25.9840040202
 30
0.0
 40
0.0500000000000114
  0
CIRCLE
  5
F8
330
1F
100
AcDbEntity
  8
0
  6
Continuous
 62
     7
370
    25
100
AcDbCircle
 10
-52.7709657065
 20
-28.7840040202
 30
0.0
 40
0.0500000000000043
  0
CIRCLE
  5
F9
330
1F
100
AcDbEntity
  8
0
  6
Continuous
 62
     7
370
    25
100
AcDbCircle
 10
-52.5709657065
 20
-27.7840040202
 30
0.0
 40
0.0500000000000043
  0
CIRCLE
  5
FA
330
1F
100
AcDbEntity
  8
0
  6
Continuous
 62
     7
370
    25
100
AcDbCircle
 10
-52.5709657065
 20
-28.3840040202
 30
0.0
 40
0.0500000000000043
  0
CIRCLE
  5
FB
330
1F
100
AcDbEntity
  8
0
  6
Continuous
 62
     7
370
    25
100
AcDbCircle
 10
-52.5709657065
 20
-28.1840040202
 30
0.0
 40
0.0500000000000043
  0
CIRCLE
  5
FC
330
1F
100
AcDbEntity
  8
0
  6
Continuous
 62
     7
370
    25
100
AcDbCircle
 10
-52.3709657065
 20
-27.9840040202
 30
0.0
 40
0.0499999999999901
  0
CIRCLE
  5
FD
330
1F
100
AcDbEntity
  8
0
  6
Continuous
 62
     7
370
    25
100
AcDbCircle
 10
-52.5709657065
 20
-28.5840040202
 30
0.0
 40
0.0500000000000043
  0
CIRCLE
  5
FE
330
1F
100
AcDbEntity
  8
0
  6
Continuous
 62
     7
370
    25
100
AcDbCircle
 10
-52.7709657065
 20
-25.1840040202
 30
0.0
 40
0.0499999999999972
  0
CIRCLE
  5
FF
330
1F
100
AcDbEntity
  8
0
  6
Continuous
 62
     7
370
    25
100
AcDbCircle
 10
-52.5709657065
 20
-28.9840040202
 30
0.0
 40
0.0500000000000114
  0
CIRCLE
  5
100
330
1F
100
AcDbEntity
  8
0
  6
Continuous
 62
     7
370
    25
100
AcDbCircle
 10
-52.5709657065
 20
-27.9840040202
 30
0.0
 40
0.0500000000000043
  0
CIRCLE
  5
101
330
1F
100
AcDbEntity
  8
0
  6
Continuous
 62
     7
370
    25
100
AcDbCircle
 10
-52.3709657065
 20
-26.9840040202
 30
0.0
 40
0.0500000000000185
  0
CIRCLE
  5
102
330
1F
100
AcDbEntity
  8
0
  6
Continuous
 62
     7
370
    25
100
AcDbCircle
 10
-52.3709657065
 20
-27.5840040202
 30
0.0
 40
0.0500000000000114
  0
CIRCLE
  5
103
330
1F
100
AcDbEntity
  8
0
  6
Continuous
 62
     7
370
    25
100
AcDbCircle
 10
-52.3709657065
 20
-27.3840040202
 30
0.0
 40
0.0499999999999901
  0
CIRCLE
  5
104
330
1F
100
AcDbEntity
  8
0
  6
Continuous
 62
     7
370
    25
100
AcDbCircle
 10
-52.5709657065
 20
-25.5840040202
 30
0.0
 40
0.0500000000000043
  0
CIRCLE
  5
105
330
1F
100
AcDbEntity
  8
0
  6
Continuous
 62
     7
370
    25
100
AcDbCircle
 10
-52.3709657065
 20
-27.7840040202
 30
0.0
 40
0.0499999999999901
  0
CIRCLE
  5
106
330
1F
100
AcDbEntity
  8
0
  6
Continuous
 62
     7
370
    25
100
AcDbCircle
 10
-52.3709657065
 20
-28.3840040202
 30
0.0
 40
0.0499999999999972
  0
CIRCLE
  5
107
330
1F
100
AcDbEntity
  8
0
  6
Continuous
 62
     7
370
    25
100
AcDbCircle
 10
-52.3709657065
 20
-28.1840040202
 30
0.0
 40
0.0500000000000043
  0
CIRCLE
  5
108
330
1F
100
AcDbEntity
  8
0
  6
Continuous
 62
     7
370
    25
100
AcDbCircle
 10
-52.3709657065
 20
-27.1840040202
 30
0.0
 40
0.0500000000000114
  0
CIRCLE
  5
109
330
1F
100
AcDbEntity
  8
0
  6
Continuous
 62
     7
370
    25
100
AcDbCircle
 10
-52.7709657065
 20
-27.1840040202
 30
0.0
 40
0.0499999999999972
  0
CIRCLE
  5
10A
330
1F
100
AcDbEntity
  8
0
  6
Continuous
 62
     7
370
    25
100
AcDbCircle
 10
-52.7709657065
 20
-28.1840040202
 30
0.0
 40
0.0500000000000043
  0
CIRCLE
  5
10B
330
1F
100
AcDbEntity
  8
0
  6
Continuous
 62
     7
370
    25
100
AcDbCircle
 10
-52.7709657065
 20
-28.3840040202
 30
0.0
 40
0.0500000000000043
  0
CIRCLE
  5
10C
330
1F
100
AcDbEntity
  8
0
  6
Continuous
 62
     7
370
    25
100
AcDbCircle
 10
-52.7709657065
 20
-27.7840040202
 30
0.0
 40
0.0499999999999972
  0
CIRCLE
  5
10D
330
1F
100
AcDbEntity
  8
0
  6
Continuous
 62
     7
370
    25
100
AcDbCircle
 10
-52.7709657065
 20
-26.9840040202
 30
0.0
 40
0.0500000000000114
  0
CIRCLE
  5
10E
330
1F
100
AcDbEntity
  8
0
  6
Continuous
 62
     7
370
    25
100
AcDbCircle
 10
-52.7709657065
 20
-27.5840040202
 30
0.0
 40
0.0499999999999972
  0
CIRCLE
  5
10F
330
1F
100
AcDbEntity
  8
0
  6
Continuous
 62
     7
370
    25
100
AcDbCircle
 10
-52.9709657065
 20
-26.1840040202
 30
0.0
 40
0.0499999999999972
  0
CIRCLE
  5
110
330
1F
100
AcDbEntity
  8
0
  6
Continuous
 62
     7
370
    25
100
AcDbCircle
 10
-52.9709657065
 20
-26.7840040202
 30
0.0
 40
0.0499999999999972
  0
CIRCLE
  5
111
330
1F
100
AcDbEntity
  8
0
  6
Continuous
 62
     7
370
    25
100
AcDbCircle
 10
-52.9709657065
 20
-26.5840040202
 30
0.0
 40
0.0499999999999972
  0
CIRCLE
  5
112
330
1F
100
AcDbEntity
  8
0
  6
Continuous
 62
     7
370
    25
100
AcDbCircle
 10
-52.7709657065
 20
-26.3840040202
 30
0.0
 40
0.0500000000000114
  0
CIRCLE
  5
113
330
1F
100
AcDbEntity
  8
0
  6
Continuous
 62
     7
370
    25
100
AcDbCircle
 10
-52.9709657065
 20
-26.9840040202
 30
0.0
 40
0.0499999999999972
  0
CIRCLE
  5
114
330
1F
100
AcDbEntity
  8
0
  6
Continuous
 62
     7
370
    25
100
AcDbCircle
 10
-52.9709657065
 20
-27.5840040202
 30
0.0
 40
0.0500000000000043
  0
CIRCLE
  5
115
330
1F
100
AcDbEntity
  8
0
  6
Continuous
 62
     7
370
    25
100
AcDbCircle
 10
-52.9709657065
 20
-27.3840040202
 30
0.0
 40
0.0500000000000043
  0
CIRCLE
  5
116
330
1F
100
AcDbEntity
  8
0
  6
Continuous
 62
     7
370
    25
100
AcDbCircle
 10
-52.9709657065
 20
-26.3840040202
 30
0.0
 40
0.0499999999999972
  0
CIRCLE
  5
117
330
1F
100
AcDbEntity
  8
0
  6
Continuous
 62
     7
370
    25
100
AcDbCircle
 10
-52.7709657065
 20
-25.3840040202
 30
0.0
 40
0.0499999999999972
  0
CIRCLE
  5
118
330
1F
100
AcDbEntity
  8
0
  6
Continuous
 62
     7
370
    25
100
AcDbCircle
 10
-52.7709657065
 20
-25.9840040202
 30
0.0
 40
0.0499999999999972
  0
CIRCLE
  5
119
330
1F
100
AcDbEntity
  8
0
  6
Continuous
 62
     7
370
    25
100
AcDbCircle
 10
-52.7709657065
 20
-25.7840040202
 30
0.0
 40
0.0499999999999972
  0
CIRCLE
  5
11A
330
1F
100
AcDbEntity
  8
0
  6
Continuous
 62
     7
370
    25
100
AcDbCircle
 10
-52.7709657065
 20
-27.9840040202
 30
0.0
 40
0.0499999999999972
  0
CIRCLE
  5
11B
330
1F
100
AcDbEntity
  8
0
  6
Continuous
 62
     7
370
    25
100
AcDbCircle
 10
-52.7709657065
 20
-26.1840040202
 30
0.0
 40
0.0499999999999972
  0
CIRCLE
  5
11C
330
1F
100
AcDbEntity
  8
0
  6
Continuous
 62
     7
370
    25
100
AcDbCircle
 10
-52.7709657065
 20
-26.7840040202
 30
0.0
 40
0.0500000000000114
  0
CIRCLE
  5
11D
330
1F
100
AcDbEntity
  8
0
  6
Continuous
 62
     7
370
    25
100
AcDbCircle
 10
-52.7709657065
 20
-26.5840040202
 30
0.0
 40
0.0500000000000114
  0
CIRCLE
  5
11E
330
1F
100
AcDbEntity
  8
0
  6
Continuous
 62
     7
370
    25
100
AcDbCircle
 10
-52.7709657065
 20
-25.5840040202
 30
0.0
 40
0.0499999999999972
  0
CIRCLE
  5
11F
330
1F
100
AcDbEntity
  8
0
  6
Continuous
 62
     7
370
    25
100
AcDbCircle
 10
-53.1709657065
 20
-25.3840040202
 30
0.0
 40
0.0500000000000043
  0
CIRCLE
  5
120
330
1F
100
AcDbEntity
  8
0
  6
Continuous
 62
     7
370
    25
100
AcDbCircle
 10
-53.1709657065
 20
-25.9840040202
 30
0.0
 40
0.0500000000000114
  0
CIRCLE
  5
121
330
1F
100
AcDbEntity
  8
0
  6
Continuous
 62
     7
370
    25
100
AcDbCircle
 10
-53.1709657065
 20
-25.7840040202
 30
0.0
 40
0.0500000000000114
  0
CIRCLE
  5
122
330
1F
100
AcDbEntity
  8
0
  6
Continuous
 62
     7
370
    25
100
AcDbCircle
 10
-53.5709657065
 20
-26.3840040202
 30
0.0
 40
0.0499999999999972
  0
CIRCLE
  5
123
330
1F
100
AcDbEntity
  8
0
  6
Continuous
 62
     7
370
    25
100
AcDbCircle
 10
-53.1709657065
 20
-26.1840040202
 30
0.0
 40
0.0500000000000043
  0
CIRCLE
  5
124
330
1F
100
AcDbEntity
  8
0
  6
Continuous
 62
     7
370
    25
100
AcDbCircle
 10
-53.1709657065
 20
-26.7840040202
 30
0.0
 40
0.0499999999999972
  0
CIRCLE
  5
125
330
1F
100
AcDbEntity
  8
0
  6
Continuous
 62
     7
370
    25
100
AcDbCircle
 10
-53.1709657065
 20
-26.5840040202
 30
0.0
 40
0.0500000000000114
  0
CIRCLE
  5
126
330
1F
100
AcDbEntity
  8
0
  6
Continuous
 62
     7
370
    25
100
AcDbCircle
 10
-53.1709657065
 20
-25.5840040202
 30
0.0
 40
0.0500000000000043
  0
CIRCLE
  5
127
330
1F
100
AcDbEntity
  8
0
  6
Continuous
 62
     7
370
    25
100
AcDbCircle
 10
-53.5709657065
 20
-25.3840040202
 30
0.0
 40
0.0500000000000043
  0
CIRCLE
  5
128
330
1F
100
AcDbEntity
  8
0
  6
Continuous
 62
     7
370
    25
100
AcDbCircle
 10
-53.5709657065
 20
-25.9840040202
 30
0.0
 40
0.0499999999999972
  0
CIRCLE
  5
129
330
1F
100
AcDbEntity
  8
0
  6
Continuous
 62
     7
370
    25
100
AcDbCircle
 10
-53.5709657065
 20
-25.7840040202
 30
0.0
 40
0.0499999999999972
  0
CIRCLE
  5
12A
330
1F
100
AcDbEntity
  8
0
  6
Continuous
 62
     7
370
    25
100
AcDbCircle
 10
-53.5709657065
 20
-27.9840040202
 30
0.0
 40
0.0500000000000043
  0
CIRCLE
  5
12B
330
1F
100
AcDbEntity
  8
0
  6
Continuous
 62
     7
370
    25
100
AcDbCircle
 10
-53.5709657065
 20
-26.1840040202
 30
0.0
 40
0.0499999999999972
  0
CIRCLE
  5
12C
330
1F
100
AcDbEntity
  8
0
  6
Continuous
 62
     7
370
    25
100
AcDbCircle
 10
-53.5709657065
 20
-26.7840040202
 30
0.0
 40
0.0500000000000043
  0
CIRCLE
  5
12D
330
1F
100
AcDbEntity
  8
0
  6
Continuous
 62
     7
370
    25
100
AcDbCircle
 10
-53.5709657065
 20
-26.5840040202
 30
0.0
 40
0.0500000000000043
  0
CIRCLE
  5
12E
330
1F
100
AcDbEntity
  8
0
  6
Continuous
 62
     7
370
    25
100
AcDbCircle
 10
-53.5709657065
 20
-25.5840040202
 30
0.0
 40
0.0499999999999972
  0
CIRCLE
  5
12F
330
1F
100
AcDbEntity
  8
0
  6
Continuous
 62
     7
370
    25
100
AcDbCircle
 10
-52.9709657065
 20
-28.7840040202
 30
0.0
 40
0.0499999999999972
  0
CIRCLE
  5
130
330
1F
100
AcDbEntity
  8
0
  6
Continuous
 62
     7
370
    25
100
AcDbCircle
 10
-53.1709657065
 20
-28.9840040202
 30
0.0
 40
0.0499999999999972
  0
CIRCLE
  5
131
330
1F
100
AcDbEntity
  8
0
  6
Continuous
 62
     7
370
    25
100
AcDbCircle
 10
-53.3709657065
 20
-25.1840040202
 30
0.0
 40
0.0499999999999972
  0
CIRCLE
  5
132
330
1F
100
AcDbEntity
  8
0
  6
Continuous
 62
     7
370
    25
100
AcDbCircle
 10
-53.1709657065
 20
-28.5840040202
 30
0.0
 40
0.0500000000000043
  0
CIRCLE
  5
133
330
1F
100
AcDbEntity
  8
0
  6
Continuous
 62
     7
370
    25
100
AcDbCircle
 10
-53.3709657065
 20
-25.3840040202
 30
0.0
 40
0.0499999999999972
  0
CIRCLE
  5
134
330
1F
100
AcDbEntity
  8
0
  6
Continuous
 62
     7
370
    25
100
AcDbCircle
 10
-53.3709657065
 20
-25.9840040202
 30
0.0
 40
0.0500000000000043
  0
CIRCLE
  5
135
330
1F
100
AcDbEntity
  8
0
  6
Continuous
 62
     7
370
    25
100
AcDbCircle
 10
-53.3709657065
 20
-25.7840040202
 30
0.0
 40
0.0499999999999972
  0
CIRCLE
  5
136
330
1F
100
AcDbEntity
  8
0
  6
Continuous
 62
     7
370
    25
100
AcDbCircle
 10
-53.1709657065
 20
-28.7840040202
 30
0.0
 40
0.0499999999999829
  0
CIRCLE
  5
137
330
1F
100
AcDbEntity
  8
0
  6
Continuous
 62
     7
370
    25
100
AcDbCircle
 10
-52.9709657065
 20
-27.7840040202
 30
0.0
 40
0.0500000000000043
  0
CIRCLE
  5
138
330
1F
100
AcDbEntity
  8
0
  6
Continuous
 62
     7
370
    25
100
AcDbCircle
 10
-52.9709657065
 20
-28.3840040202
 30
0.0
 40
0.0499999999999972
  0
CIRCLE
  5
139
330
1F
100
AcDbEntity
  8
0
  6
Continuous
 62
     7
370
    25
100
AcDbCircle
 10
-52.9709657065
 20
-28.1840040202
 30
0.0
 40
0.0499999999999972
  0
CIRCLE
  5
13A
330
1F
100
AcDbEntity
  8
0
  6
Continuous
 62
     7
370
    25
100
AcDbCircle
 10
-53.1709657065
 20
-26.3840040202
 30
0.0
 40
0.0500000000000114
  0
CIRCLE
  5
13B
330
1F
100
AcDbEntity
  8
0
  6
Continuous
 62
     7
370
    25
100
AcDbCircle
 10
-52.9709657065
 20
-28.5840040202
 30
0.0
 40
0.0499999999999972
  0
CIRCLE
  5
13C
330
1F
100
AcDbEntity
  8
0
  6
Continuous
 62
     7
370
    25
100
AcDbCircle
 10
-53.1709657065
 20
-25.1840040202
 30
0.0
 40
0.0500000000000043
  0
CIRCLE
  5
13D
330
1F
100
AcDbEntity
  8
0
  6
Continuous
 62
     7
370
    25
100
AcDbCircle
 10
-52.9709657065
 20
-28.9840040202
 30
0.0
 40
0.0500000000000043
  0
CIRCLE
  5
13E
330
1F
100
AcDbEntity
  8
0
  6
Continuous
 62
     7
370
    25
100
AcDbCircle
 10
-52.9709657065
 20
-27.9840040202
 30
0.0
 40
0.0499999999999972
  0
CIRCLE
  5
13F
330
1F
100
AcDbEntity
  8
0
  6
Continuous
 62
     7
370
    25
100
AcDbCircle
 10
-53.3709657065
 20
-27.7840040202
 30
0.0
 40
0.0500000000000114
  0
CIRCLE
  5
140
330
1F
100
AcDbEntity
  8
0
  6
Continuous
 62
     7
370
    25
100
AcDbCircle
 10
-53.3709657065
 20
-28.3840040202
 30
0.0
 40
0.0500000000000043
  0
CIRCLE
  5
141
330
1F
100
AcDbEntity
  8
0
  6
Continuous
 62
     7
370
    25
100
AcDbCircle
 10
-53.3709657065
 20
-28.1840040202
 30
0.0
 40
0.0500000000000043
  0
CIRCLE
  5
142
330
1F
100
AcDbEntity
  8
0
  6
Continuous
 62
     7
370
    25
100
AcDbCircle
 10
-52.5709657065
 20
-27.1840040202
 30
0.0
 40
0.0500000000000043
  0
CIRCLE
  5
143
330
1F
100
AcDbEntity
  8
0
  6
Continuous
 62
     7
370
    25
100
AcDbCircle
 10
-53.3709657065
 20
-28.5840040202
 30
0.0
 40
0.0500000000000043
  0
CIRCLE
  5
144
330
1F
100
AcDbEntity
  8
0
  6
Continuous
 62
     7
370
    25
100
AcDbCircle
 10
-53.5709657065
 20
-25.1840040202
 30
0.0
 40
0.0500000000000043
  0
CIRCLE
  5
145
330
1F
100
AcDbEntity
  8
0
  6
Continuous
 62
     7
370
    25
100
AcDbCircle
 10
-53.3709657065
 20
-28.9840040202
 30
0.0
 40
0.0500000000000043
  0
CIRCLE
  5
146
330
1F
100
AcDbEntity
  8
0
  6
Continuous
 62
     7
370
    25
100
AcDbCircle
 10
-53.3709657065
 20
-27.9840040202
 30
0.0
 40
0.0499999999999972
  0
CIRCLE
  5
147
330
1F
100
AcDbEntity
  8
0
  6
Continuous
 62
     7
370
    25
100
AcDbCircle
 10
-52.5709657065
 20
-26.1840040202
 30
0.0
 40
0.0500000000000114
  0
CIRCLE
  5
148
330
1F
100
AcDbEntity
  8
0
  6
Continuous
 62
     7
370
    25
100
AcDbCircle
 10
-52.5709657065
 20
-26.7840040202
 30
0.0
 40
0.0499999999999972
  0
CIRCLE
  5
149
330
1F
100
AcDbEntity
  8
0
  6
Continuous
 62
     7
370
    25
100
AcDbCircle
 10
-52.5709657065
 20
-26.5840040202
 30
0.0
 40
0.0499999999999972
  0
CIRCLE
  5
14A
330
1F
100
AcDbEntity
  8
0
  6
Continuous
 62
     7
370
    25
100
AcDbCircle
 10
-52.5709657065
 20
-28.7840040202
 30
0.0
 40
0.0500000000000043
  0
CIRCLE
  5
14B
330
1F
100
AcDbEntity
  8
0
  6
Continuous
 62
     7
370
    25
100
AcDbCircle
 10
-52.5709657065
 20
-26.9840040202
 30
0.0
 40
0.0499999999999972
  0
CIRCLE
  5
14C
330
1F
100
AcDbEntity
  8
0
  6
Continuous
 62
     7
370
    25
100
AcDbCircle
 10
-52.5709657065
 20
-27.5840040202
 30
0.0
 40
0.0500000000000043
  0
CIRCLE
  5
14D
330
1F
100
AcDbEntity
  8
0
  6
Continuous
 62
     7
370
    25
100
AcDbCircle
 10
-52.5709657065
 20
-27.3840040202
 30
0.0
 40
0.0500000000000043
  0
CIRCLE
  5
14E
330
1F
100
AcDbEntity
  8
0
  6
Continuous
 62
     7
370
    25
100
AcDbCircle
 10
-52.5709657065
 20
-26.3840040202
 30
0.0
 40
0.0499999999999972
  0
CIRCLE
  5
14F
330
1F
100
AcDbEntity
  8
0
  6
Continuous
 62
     7
370
    25
100
AcDbCircle
 10
-53.5709657065
 20
-26.9840040202
 30
0.0
 40
0.0500000000000043
  0
CIRCLE
  5
150
330
1F
100
AcDbEntity
  8
0
  6
Continuous
 62
     7
370
    25
100
AcDbCircle
 10
-53.5709657065
 20
-27.5840040202
 30
0.0
 40
0.0500000000000043
  0
CIRCLE
  5
151
330
1F
100
AcDbEntity
  8
0
  6
Continuous
 62
     7
370
    25
100
AcDbCircle
 10
-53.5709657065
 20
-27.3840040202
 30
0.0
 40
0.0500000000000043
  0
CIRCLE
  5
152
330
1F
100
AcDbEntity
  8
0
  6
Continuous
 62
     7
370
    25
100
AcDbCircle
 10
-53.3709657065
 20
-27.1840040202
 30
0.0
 40
0.0500000000000114
  0
CIRCLE
  5
153
330
1F
100
AcDbEntity
  8
0
  6
Continuous
 62
     7
370
    25
100
AcDbCircle
 10
-53.5709657065
 20
-27.7840040202
 30
0.0
 40
0.0500000000000043
  0
CIRCLE
  5
154
330
1F
100
AcDbEntity
  8
0
  6
Continuous
 62
     7
370
    25
100
AcDbCircle
 10
-53.5709657065
 20
-28.3840040202
 30
0.0
 40
0.0500000000000043
  0
CIRCLE
  5
155
330
1F
100
AcDbEntity
  8
0
  6
Continuous
 62
     7
370
    25
100
AcDbCircle
 10
-53.5709657065
 20
-28.1840040202
 30
0.0
 40
0.0500000000000043
  0
CIRCLE
  5
156
330
1F
100
AcDbEntity
  8
0
  6
Continuous
 62
     7
370
    25
100
AcDbCircle
 10
-53.5709657065
 20
-27.1840040202
 30
0.0
 40
0.0500000000000043
  0
CIRCLE
  5
157
330
1F
100
AcDbEntity
  8
0
  6
Continuous
 62
     7
370
    25
100
AcDbCircle
 10
-53.3709657065
 20
-26.1840040202
 30
0.0
 40
0.0500000000000043
  0
CIRCLE
  5
158
330
1F
100
AcDbEntity
  8
0
  6
Continuous
 62
     7
370
    25
100
AcDbCircle
 10
-53.3709657065
 20
-26.7840040202
 30
0.0
 40
0.0499999999999972
  0
CIRCLE
  5
159
330
1F
100
AcDbEntity
  8
0
  6
Continuous
 62
     7
370
    25
100
AcDbCircle
 10
-53.3709657065
 20
-26.5840040202
 30
0.0
 40
0.0500000000000043
  0
CIRCLE
  5
15A
330
1F
100
AcDbEntity
  8
0
  6
Continuous
 62
     7
370
    25
100
AcDbCircle
 10
-53.3709657065
 20
-28.7840040202
 30
0.0
 40
0.0499999999999972
  0
CIRCLE
  5
15B
330
1F
100
AcDbEntity
  8
0
  6
Continuous
 62
     7
370
    25
100
AcDbCircle
 10
-53.3709657065
 20
-26.9840040202
 30
0.0
 40
0.0499999999999972
  0
CIRCLE
  5
15C
330
1F
100
AcDbEntity
  8
0
  6
Continuous
 62
     7
370
    25
100
AcDbCircle
 10
-53.3709657065
 20
-27.5840040202
 30
0.0
 40
0.0500000000000114
  0
CIRCLE
  5
15D
330
1F
100
AcDbEntity
  8
0
  6
Continuous
 62
     7
370
    25
100
AcDbCircle
 10
-53.3709657065
 20
-27.3840040202
 30
0.0
 40
0.0500000000000114
  0
CIRCLE
  5
15E
330
1F
100
AcDbEntity
  8
0
  6
Continuous
 62
     7
370
    25
100
AcDbCircle
 10
-53.3709657065
 20
-26.3840040202
 30
0.0
 40
0.0499999999999972
  0
CIRCLE
  5
15F
330
1F
100
AcDbEntity
  8
0
  6
Continuous
 62
     7
370
    25
100
AcDbCircle
 10
-56.3709657065
 20
-28.7840040202
 30
0.0
 40
0.0499999999999901
  0
CIRCLE
  5
160
330
1F
100
AcDbEntity
  8
0
  6
Continuous
 62
     7
370
    25
100
AcDbCircle
 10
-56.3709657065
 20
-28.1840040202
 30
0.0
 40
0.0500000000000043
  0
CIRCLE
  5
161
330
1F
100
AcDbEntity
  8
0
  6
Continuous
 62
     7
370
    25
100
AcDbCircle
 10
-56.3709657065
 20
-28.3840040202
 30
0.0
 40
0.0500000000000114
  0
CIRCLE
  5
162
330
1F
100
AcDbEntity
  8
0
  6
Continuous
 62
     7
370
    25
100
AcDbCircle
 10
-56.7709657065
 20
-27.7840040202
 30
0.0
 40
0.0500000000000114
  0
CIRCLE
  5
163
330
1F
100
AcDbEntity
  8
0
  6
Continuous
 62
     7
370
    25
100
AcDbCircle
 10
-56.3709657065
 20
-27.9840040202
 30
0.0
 40
0.0500000000000114
  0
CIRCLE
  5
164
330
1F
100
AcDbEntity
  8
0
  6
Continuous
 62
     7
370
    25
100
AcDbCircle
 10
-56.3709657065
 20
-27.3840040202
 30
0.0
 40
0.0500000000000043
  0
CIRCLE
  5
165
330
1F
100
AcDbEntity
  8
0
  6
Continuous
 62
     7
370
    25
100
AcDbCircle
 10
-56.3709657065
 20
-27.5840040202
 30
0.0
 40
0.0500000000000043
  0
CIRCLE
  5
166
330
1F
100
AcDbEntity
  8
0
  6
Continuous
 62
     7
370
    25
100
AcDbCircle
 10
-56.3709657065
 20
-28.5840040202
 30
0.0
 40
0.0500000000000043
  0
CIRCLE
  5
167
330
1F
100
AcDbEntity
  8
0
  6
Continuous
 62
     7
370
    25
100
AcDbCircle
 10
-56.7709657065
 20
-28.7840040202
 30
0.0
 40
0.0500000000000043
  0
CIRCLE
  5
168
330
1F
100
AcDbEntity
  8
0
  6
Continuous
 62
     7
370
    25
100
AcDbCircle
 10
-56.7709657065
 20
-28.1840040202
 30
0.0
 40
0.0500000000000043
  0
CIRCLE
  5
169
330
1F
100
AcDbEntity
  8
0
  6
Continuous
 62
     7
370
    25
100
AcDbCircle
 10
-56.7709657065
 20
-28.3840040202
 30
0.0
 40
0.0500000000000043
  0
CIRCLE
  5
16A
330
1F
100
AcDbEntity
  8
0
  6
Continuous
 62
     7
370
    25
100
AcDbCircle
 10
-56.7709657065
 20
-26.1840040202
 30
0.0
 40
0.0500000000000043
  0
CIRCLE
  5
16B
330
1F
100
AcDbEntity
  8
0
  6
Continuous
 62
     7
370
    25
100
AcDbCircle
 10
-56.7709657065
 20
-27.9840040202
 30
0.0
 40
0.0499999999999972
  0
CIRCLE
  5
16C
330
1F
100
AcDbEntity
  8
0
  6
Continuous
 62
     7
370
    25
100
AcDbCircle
 10
-56.7709657065
 20
-27.3840040202
 30
0.0
 40
0.0500000000000114
  0
CIRCLE
  5
16D
330
1F
100
AcDbEntity
  8
0
  6
Continuous
 62
     7
370
    25
100
AcDbCircle
 10
-56.7709657065
 20
-27.5840040202
 30
0.0
 40
0.0500000000000114
  0
CIRCLE
  5
16E
330
1F
100
AcDbEntity
  8
0
  6
Continuous
 62
     7
370
    25
100
AcDbCircle
 10
-56.7709657065
 20
-28.5840040202
 30
0.0
 40
0.0500000000000043
  0
CIRCLE
  5
16F
330
1F
100
AcDbEntity
  8
0
  6
Continuous
 62
     7
370
    25
100
AcDbCircle
 10
-56.1709657065
 20
-25.3840040202
 30
0.0
 40
0.0500000000000043
  0
CIRCLE
  5
170
330
1F
100
AcDbEntity
  8
0
  6
Continuous
 62
     7
370
    25
100
AcDbCircle
 10
-56.3709657065
 20
-25.1840040202
 30
0.0
 40
0.0499999999999972
  0
CIRCLE
  5
171
330
1F
100
AcDbEntity
  8
0
  6
Continuous
 62
     7
370
    25
100
AcDbCircle
 10
-56.5709657065
 20
-28.9840040202
 30
0.0
 40
0.0499999999999972
  0
CIRCLE
  5
172
330
1F
100
AcDbEntity
  8
0
  6
Continuous
 62
     7
370
    25
100
AcDbCircle
 10
-56.3709657065
 20
-25.5840040202
 30
0.0
 40
0.0500000000000043
  0
CIRCLE
  5
173
330
1F
100
AcDbEntity
  8
0
  6
Continuous
 62
     7
370
    25
100
AcDbCircle
 10
-56.5709657065
 20
-28.7840040202
 30
0.0
 40
0.0500000000000043
  0
CIRCLE
  5
174
330
1F
100
AcDbEntity
  8
0
  6
Continuous
 62
     7
370
    25
100
AcDbCircle
 10
-56.5709657065
 20
-28.1840040202
 30
0.0
 40
0.0500000000000043
  0
CIRCLE
  5
175
330
1F
100
AcDbEntity
  8
0
  6
Continuous
 62
     7
370
    25
100
AcDbCircle
 10
-56.5709657065
 20
-28.3840040202
 30
0.0
 40
0.0500000000000043
  0
CIRCLE
  5
176
330
1F
100
AcDbEntity
  8
0
  6
Continuous
 62
     7
370
    25
100
AcDbCircle
 10
-56.3709657065
 20
-25.3840040202
 30
0.0
 40
0.0499999999999972
  0
CIRCLE
  5
177
330
1F
100
AcDbEntity
  8
0
  6
Continuous
 62
     7
370
    25
100
AcDbCircle
 10
-56.1709657065
 20
-26.3840040202
 30
0.0
 40
0.0499999999999972
  0
CIRCLE
  5
178
330
1F
100
AcDbEntity
  8
0
  6
Continuous
 62
     7
370
    25
100
AcDbCircle
 10
-56.1709657065
 20
-25.7840040202
 30
0.0
 40
0.0500000000000043
  0
CIRCLE
  5
179
330
1F
100
AcDbEntity
  8
0
  6
Continuous
 62
     7
370
    25
100
AcDbCircle
 10
-56.1709657065
 20
-25.9840040202
 30
0.0
 40
0.0500000000000043
  0
CIRCLE
  5
17A
330
1F
100
AcDbEntity
  8
0
  6
Continuous
 62
     7
370
    25
100
AcDbCircle
 10
-56.3709657065
 20
-27.7840040202
 30
0.0
 40
0.0500000000000043
  0
CIRCLE
  5
17B
330
1F
100
AcDbEntity
  8
0
  6
Continuous
 62
     7
370
    25
100
AcDbCircle
 10
-56.1709657065
 20
-25.5840040202
 30
0.0
 40
0.0500000000000043
  0
CIRCLE
  5
17C
330
1F
100
AcDbEntity
  8
0
  6
Continuous
 62
     7
370
    25
100
AcDbCircle
 10
-56.3709657065
 20
-28.9840040202
 30
0.0
 40
0.0500000000000043
  0
CIRCLE
  5
17D
330
1F
100
AcDbEntity
  8
0
  6
Continuous
 62
     7
370
    25
100
AcDbCircle
 10
-56.1709657065
 20
-25.1840040202
 30
0.0
 40
0.0500000000000043
  0
CIRCLE
  5
17E
330
1F
100
AcDbEntity
  8
0
  6
Continuous
 62
     7
370
    25
100
AcDbCircle
 10
-56.1709657065
 20
-26.1840040202
 30
0.0
 40
0.0500000000000043
  0
CIRCLE
  5
17F
330
1F
100
AcDbEntity
  8
0
  6
Continuous
 62
     7
370
    25
100
AcDbCircle
 10
-56.5709657065
 20
-26.3840040202
 30
0.0
 40
0.0500000000000043
  0
CIRCLE
  5
180
330
1F
100
AcDbEntity
  8
0
  6
Continuous
 62
     7
370
    25
100
AcDbCircle
 10
-56.5709657065
 20
-25.7840040202
 30
0.0
 40
0.0500000000000043
  0
CIRCLE
  5
181
330
1F
100
AcDbEntity
  8
0
  6
Continuous
 62
     7
370
    25
100
AcDbCircle
 10
-56.5709657065
 20
-25.9840040202
 30
0.0
 40
0.0500000000000043
  0
CIRCLE
  5
182
330
1F
100
AcDbEntity
  8
0
  6
Continuous
 62
     7
370
    25
100
AcDbCircle
 10
-57.9709657065
 20
-30.9840040202
 30
0.0
 40
0.0500000000000043
  0
CIRCLE
  5
183
330
1F
100
AcDbEntity
  8
0
  6
Continuous
 62
     7
370
    25
100
AcDbCircle
 10
-56.5709657065
 20
-25.5840040202
 30
0.0
 40
0.0500000000000043
  0
CIRCLE
  5
184
330
1F
100
AcDbEntity
  8
0
  6
Continuous
 62
     7
370
    25
100
AcDbCircle
 10
-56.7709657065
 20
-28.9840040202
 30
0.0
 40
0.0500000000000043
  0
CIRCLE
  5
185
330
1F
100
AcDbEntity
  8
0
  6
Continuous
 62
     7
370
    25
100
AcDbCircle
 10
-56.5709657065
 20
-25.1840040202
 30
0.0
 40
0.0500000000000043
  0
CIRCLE
  5
186
330
1F
100
AcDbEntity
  8
0
  6
Continuous
 62
     7
370
    25
100
AcDbCircle
 10
-56.5709657065
 20
-26.1840040202
 30
0.0
 40
0.0500000000000043
  0
CIRCLE
  5
187
330
1F
100
AcDbEntity
  8
0
  6
Continuous
 62
     7
370
    25
100
AcDbCircle
 10
-57.9709657065
 20
-31.9840040202
 30
0.0
 40
0.0500000000000185
  0
CIRCLE
  5
188
330
1F
100
AcDbEntity
  8
0
  6
Continuous
 62
     7
370
    25
100
AcDbCircle
 10
-57.9709657065
 20
-31.3840040202
 30
0.0
 40
0.0500000000000043
  0
CIRCLE
  5
189
330
1F
100
AcDbEntity
  8
0
  6
Continuous
 62
     7
370
    25
100
AcDbCircle
 10
-57.9709657065
 20
-31.5840040202
 30
0.0
 40
0.0500000000000043
  0
CIRCLE
  5
18A
330
1F
100
AcDbEntity
  8
0
  6
Continuous
 62
     7
370
    25
100
AcDbCircle
 10
-57.9709657065
 20
-29.3840040202
 30
0.0
 40
0.0500000000000043
  0
CIRCLE
  5
18B
330
1F
100
AcDbEntity
  8
0
  6
Continuous
 62
     7
370
    25
100
AcDbCircle
 10
-57.9709657065
 20
-31.1840040202
 30
0.0
 40
0.0500000000000043
  0
CIRCLE
  5
18C
330
1F
100
AcDbEntity
  8
0
  6
Continuous
 62
     7
370
    25
100
AcDbCircle
 10
-57.9709657065
 20
-30.5840040202
 30
0.0
 40
0.0500000000000043
  0
CIRCLE
  5
18D
330
1F
100
AcDbEntity
  8
0
  6
Continuous
 62
     7
370
    25
100
AcDbCircle
 10
-57.9709657065
 20
-30.7840040202
 30
0.0
 40
0.0500000000000043
  0
CIRCLE
  5
18E
330
1F
100
AcDbEntity
  8
0
  6
Continuous
 62
     7
370
    25
100
AcDbCircle
 10
-57.9709657065
 20
-31.7840040202
 30
0.0
 40
0.0500000000000043
  0
CIRCLE
  5
18F
330
1F
100
AcDbEntity
  8
0
  6
Continuous
 62
     7
370
    25
100
AcDbCircle
 10
-56.7709657065
 20
-27.1840040202
 30
0.0
 40
0.0500000000000114
  0
CIRCLE
  5
190
330
1F
100
AcDbEntity
  8
0
  6
Continuous
 62
     7
370
    25
100
AcDbCircle
 10
-56.7709657065
 20
-26.5840040202
 30
0.0
 40
0.0500000000000043
  0
CIRCLE
  5
191
330
1F
100
AcDbEntity
  8
0
  6
Continuous
 62
     7
370
    25
100
AcDbCircle
 10
-56.7709657065
 20
-26.7840040202
 30
0.0
 40
0.0500000000000043
  0
CIRCLE
  5
192
330
1F
100
AcDbEntity
  8
0
  6
Continuous
 62
     7
370
    25
100
AcDbCircle
 10
-56.5709657065
 20
-26.9840040202
 30
0.0
 40
0.0500000000000043
  0
CIRCLE
  5
193
330
1F
100
AcDbEntity
  8
0
  6
Continuous
 62
     7
370
    25
100
AcDbCircle
 10
-56.7709657065
 20
-26.3840040202
 30
0.0
 40
0.0500000000000043
  0
CIRCLE
  5
194
330
1F
100
AcDbEntity
  8
0
  6
Continuous
 62
     7
370
    25
100
AcDbCircle
 10
-56.7709657065
 20
-25.9840040202
 30
0.0
 40
0.0500000000000043
  0
CIRCLE
  5
195
330
1F
100
AcDbEntity
  8
0
  6
Continuous
 62
     7
370
    25
100
AcDbCircle
 10
-56.7709657065
 20
-26.9840040202
 30
0.0
 40
0.0500000000000043
  0
CIRCLE
  5
196
330
1F
100
AcDbEntity
  8
0
  6
Continuous
 62
     7
370
    25
100
AcDbCircle
 10
-56.5709657065
 20
-27.9840040202
 30
0.0
 40
0.0500000000000043
  0
CIRCLE
  5
197
330
1F
100
AcDbEntity
  8
0
  6
Continuous
 62
     7
370
    25
100
AcDbCircle
 10
-56.5709657065
 20
-27.3840040202
 30
0.0
 40
0.0500000000000043
  0
CIRCLE
  5
198
330
1F
100
AcDbEntity
  8
0
  6
Continuous
 62
     7
370
    25
100
AcDbCircle
 10
-56.5709657065
 20
-27.5840040202
 30
0.0
 40
0.0500000000000043
  0
CIRCLE
  5
199
330
1F
100
AcDbEntity
  8
0
  6
Continuous
 62
     7
370
    25
100
AcDbCircle
 10
-56.5709657065
 20
-27.1840040202
 30
0.0
 40
0.0500000000000043
  0
CIRCLE
  5
19A
330
1F
100
AcDbEntity
  8
0
  6
Continuous
 62
     7
370
    25
100
AcDbCircle
 10
-56.5709657065
 20
-26.5840040202
 30
0.0
 40
0.0500000000000043
  0
CIRCLE
  5
19B
330
1F
100
AcDbEntity
  8
0
  6
Continuous
 62
     7
370
    25
100
AcDbCircle
 10
-56.5709657065
 20
-26.7840040202
 30
0.0
 40
0.0500000000000043
  0
CIRCLE
  5
19C
330
1F
100
AcDbEntity
  8
0
  6
Continuous
 62
     7
370
    25
100
AcDbCircle
 10
-56.5709657065
 20
-27.7840040202
 30
0.0
 40
0.0500000000000043
  0
CIRCLE
  5
19D
330
1F
100
AcDbEntity
  8
0
  6
Continuous
 62
     7
370
    25
100
AcDbCircle
 10
-56.9709657065
 20
-27.9840040202
 30
0.0
 40
0.0500000000000114
  0
CIRCLE
  5
19E
330
1F
100
AcDbEntity
  8
0
  6
Continuous
 62
     7
370
    25
100
AcDbCircle
 10
-56.9709657065
 20
-27.3840040202
 30
0.0
 40
0.0500000000000043
  0
CIRCLE
  5
19F
330
1F
100
AcDbEntity
  8
0
  6
Continuous
 62
     7
370
    25
100
AcDbCircle
 10
-56.9709657065
 20
-27.5840040202
 30
0.0
 40
0.0500000000000043
  0
CIRCLE
  5
1A0
330
1F
100
AcDbEntity
  8
0
  6
Continuous
 62
     7
370
    25
100
AcDbCircle
 10
-57.3709657065
 20
-26.9840040202
 30
0.0
 40
0.0500000000000043
  0
CIRCLE
  5
1A1
330
1F
100
AcDbEntity
  8
0
  6
Continuous
 62
     7
370
    25
100
AcDbCircle
 10
-56.9709657065
 20
-27.1840040202
 30
0.0
 40
0.0500000000000043
  0
CIRCLE
  5
1A2
330
1F
100
AcDbEntity
  8
0
  6
Continuous
 62
     7
370
    25
100
AcDbCircle
 10
-56.9709657065
 20
-26.5840040202
 30
0.0
 40
0.0500000000000043
  0
CIRCLE
  5
1A3
330
1F
100
AcDbEntity
  8
0
  6
Continuous
 62
     7
370
    25
100
AcDbCircle
 10
-56.9709657065
 20
-26.7840040202
 30
0.0
 40
0.0500000000000043
  0
CIRCLE
  5
1A4
330
1F
100
AcDbEntity
  8
0
  6
Continuous
 62
     7
370
    25
100
AcDbCircle
 10
-56.9709657065
 20
-27.7840040202
 30
0.0
 40
0.0500000000000043
  0
CIRCLE
  5
1A5
330
1F
100
AcDbEntity
  8
0
  6
Continuous
 62
     7
370
    25
100
AcDbCircle
 10
-57.3709657065
 20
-27.9840040202
 30
0.0
 40
0.0500000000000043
  0
CIRCLE
  5
1A6
330
1F
100
AcDbEntity
  8
0
  6
Continuous
 62
     7
370
    25
100
AcDbCircle
 10
-57.3709657065
 20
-27.3840040202
 30
0.0
 40
0.0499999999999972
  0
CIRCLE
  5
1A7
330
1F
100
AcDbEntity
  8
0
  6
Continuous
 62
     7
370
    25
100
AcDbCircle
 10
-57.3709657065
 20
-27.5840040202
 30
0.0
 40
0.0499999999999972
  0
CIRCLE
  5
1A8
330
1F
100
AcDbEntity
  8
0
  6
Continuous
 62
     7
370
    25
100
AcDbCircle
 10
-57.3709657065
 20
-25.3840040202
 30
0.0
 40
0.0500000000000114
  0
CIRCLE
  5
1A9
330
1F
100
AcDbEntity
  8
0
  6
Continuous
 62
     7
370
    25
100
AcDbCircle
 10
-57.3709657065
 20
-27.1840040202
 30
0.0
 40
0.0500000000000114
  0
CIRCLE
  5
1AA
330
1F
100
AcDbEntity
  8
0
  6
Continuous
 62
     7
370
    25
100
AcDbCircle
 10
-57.3709657065
 20
-26.5840040202
 30
0.0
 40
0.0500000000000043
  0
CIRCLE
  5
1AB
330
1F
100
AcDbEntity
  8
0
  6
Continuous
 62
     7
370
    25
100
AcDbCircle
 10
-57.3709657065
 20
-26.7840040202
 30
0.0
 40
0.0499999999999972
  0
CIRCLE
  5
1AC
330
1F
100
AcDbEntity
  8
0
  6
Continuous
 62
     7
370
    25
100
AcDbCircle
 10
-57.3709657065
 20
-27.7840040202
 30
0.0
 40
0.0500000000000114
  0
CIRCLE
  5
1AD
330
1F
100
AcDbEntity
  8
0
  6
Continuous
 62
     7
370
    25
100
AcDbCircle
 10
-57.1709657065
 20
-28.7840040202
 30
0.0
 40
0.0499999999999972
  0
CIRCLE
  5
1AE
330
1F
100
AcDbEntity
  8
0
  6
Continuous
 62
     7
370
    25
100
AcDbCircle
 10
-57.1709657065
 20
-28.1840040202
 30
0.0
 40
0.0499999999999972
  0
CIRCLE
  5
1AF
330
1F
100
AcDbEntity
  8
0
  6
Continuous
 62
     7
370
    25
100
AcDbCircle
 10
-57.1709657065
 20
-28.3840040202
 30
0.0
 40
0.0499999999999972
  0
CIRCLE
  5
1B0
330
1F
100
AcDbEntity
  8
0
  6
Continuous
 62
     7
370
    25
100
AcDbCircle
 10
-56.9709657065
 20
-28.5840040202
 30
0.0
 40
0.0500000000000114
  0
CIRCLE
  5
1B1
330
1F
100
AcDbEntity
  8
0
  6
Continuous
 62
     7
370
    25
100
AcDbCircle
 10
-57.1709657065
 20
-27.9840040202
 30
0.0
 40
0.0499999999999972
  0
CIRCLE
  5
1B2
330
1F
100
AcDbEntity
  8
0
  6
Continuous
 62
     7
370
    25
100
AcDbCircle
 10
-57.1709657065
 20
-27.3840040202
 30
0.0
 40
0.0500000000000043
  0
CIRCLE
  5
1B3
330
1F
100
AcDbEntity
  8
0
  6
Continuous
 62
     7
370
    25
100
AcDbCircle
 10
-57.1709657065
 20
-27.5840040202
 30
0.0
 40
0.0499999999999972
  0
CIRCLE
  5
1B4
330
1F
100
AcDbEntity
  8
0
  6
Continuous
 62
     7
370
    25
100
AcDbCircle
 10
-57.1709657065
 20
-28.5840040202
 30
0.0
 40
0.0499999999999972
  0
CIRCLE
  5
1B5
330
1F
100
AcDbEntity
  8
0
  6
Continuous
 62
     7
370
    25
100
AcDbCircle
 10
-56.7709657065
 20
-25.5840040202
 30
0.0
 40
0.0500000000000043
  0
CIRCLE
  5
1B6
330
1F
100
AcDbEntity
  8
0
  6
Continuous
 62
     7
370
    25
100
AcDbCircle
 10
-56.9709657065
 20
-28.9840040202
 30
0.0
 40
0.0500000000000043
  0
CIRCLE
  5
1B7
330
1F
100
AcDbEntity
  8
0
  6
Continuous
 62
     7
370
    25
100
AcDbCircle
 10
-56.7709657065
 20
-25.1840040202
 30
0.0
 40
0.0500000000000043
  0
CIRCLE
  5
1B8
330
1F
100
AcDbEntity
  8
0
  6
Continuous
 62
     7
370
    25
100
AcDbCircle
 10
-56.9709657065
 20
-26.9840040202
 30
0.0
 40
0.0500000000000043
  0
CIRCLE
  5
1B9
330
1F
100
AcDbEntity
  8
0
  6
Continuous
 62
     7
370
    25
100
AcDbCircle
 10
-56.9709657065
 20
-28.7840040202
 30
0.0
 40
0.0500000000000114
  0
CIRCLE
  5
1BA
330
1F
100
AcDbEntity
  8
0
  6
Continuous
 62
     7
370
    25
100
AcDbCircle
 10
-56.9709657065
 20
-28.1840040202
 30
0.0
 40
0.0500000000000114
  0
CIRCLE
  5
1BB
330
1F
100
AcDbEntity
  8
0
  6
Continuous
 62
     7
370
    25
100
AcDbCircle
 10
-56.9709657065
 20
-28.3840040202
 30
0.0
 40
0.0500000000000114
  0
CIRCLE
  5
1BC
330
1F
100
AcDbEntity
  8
0
  6
Continuous
 62
     7
370
    25
100
AcDbCircle
 10
-56.7709657065
 20
-25.3840040202
 30
0.0
 40
0.0500000000000114
  0
CIRCLE
  5
1BD
330
1F
100
AcDbEntity
  8
0
  6
Continuous
 62
     7
370
    25
100
AcDbCircle
 10
-57.1709657065
 20
-25.5840040202
 30
0.0
 40
0.0500000000000043
  0
CIRCLE
  5
1BE
330
1F
100
AcDbEntity
  8
0
  6
Continuous
 62
     7
370
    25
100
AcDbCircle
 10
-57.3709657065
 20
-28.9840040202
 30
0.0
 40
0.0500000000000043
  0
CIRCLE
  5
1BF
330
1F
100
AcDbEntity
  8
0
  6
Continuous
 62
     7
370
    25
100
AcDbCircle
 10
-57.1709657065
 20
-25.1840040202
 30
0.0
 40
0.0500000000000043
  0
CIRCLE
  5
1C0
330
1F
100
AcDbEntity
  8
0
  6
Continuous
 62
     7
370
    25
100
AcDbCircle
 10
-56.3709657065
 20
-26.1840040202
 30
0.0
 40
0.0500000000000043
  0
CIRCLE
  5
1C1
330
1F
100
AcDbEntity
  8
0
  6
Continuous
 62
     7
370
    25
100
AcDbCircle
 10
-57.3709657065
 20
-28.7840040202
 30
0.0
 40
0.0500000000000114
  0
CIRCLE
  5
1C2
330
1F
100
AcDbEntity
  8
0
  6
Continuous
 62
     7
370
    25
100
AcDbCircle
 10
-57.3709657065
 20
-28.1840040202
 30
0.0
 40
0.0500000000000043
  0
CIRCLE
  5
1C3
330
1F
100
AcDbEntity
  8
0
  6
Continuous
 62
     7
370
    25
100
AcDbCircle
 10
-57.3709657065
 20
-28.3840040202
 30
0.0
 40
0.0500000000000114
  0
CIRCLE
  5
1C4
330
1F
100
AcDbEntity
  8
0
  6
Continuous
 62
     7
370
    25
100
AcDbCircle
 10
-57.1709657065
 20
-25.3840040202
 30
0.0
 40
0.0500000000000043
  0
CIRCLE
  5
1C5
330
1F
100
AcDbEntity
  8
0
  6
Continuous
 62
     7
370
    25
100
AcDbCircle
 10
-56.3709657065
 20
-27.1840040202
 30
0.0
 40
0.0500000000000043
  0
CIRCLE
  5
1C6
330
1F
100
AcDbEntity
  8
0
  6
Continuous
 62
     7
370
    25
100
AcDbCircle
 10
-56.3709657065
 20
-26.5840040202
 30
0.0
 40
0.0500000000000043
  0
CIRCLE
  5
1C7
330
1F
100
AcDbEntity
  8
0
  6
Continuous
 62
     7
370
    25
100
AcDbCircle
 10
-56.3709657065
 20
-26.7840040202
 30
0.0
 40
0.0500000000000043
  0
CIRCLE
  5
1C8
330
1F
100
AcDbEntity
  8
0
  6
Continuous
 62
     7
370
    25
100
AcDbCircle
 10
-56.5709657065
 20
-28.5840040202
 30
0.0
 40
0.0500000000000043
  0
CIRCLE
  5
1C9
330
1F
100
AcDbEntity
  8
0
  6
Continuous
 62
     7
370
    25
100
AcDbCircle
 10
-56.3709657065
 20
-26.3840040202
 30
0.0
 40
0.0500000000000043
  0
CIRCLE
  5
1CA
330
1F
100
AcDbEntity
  8
0
  6
Continuous
 62
     7
370
    25
100
AcDbCircle
 10
-56.3709657065
 20
-25.7840040202
 30
0.0
 40
0.0500000000000043
  0
CIRCLE
  5
1CB
330
1F
100
AcDbEntity
  8
0
  6
Continuous
 62
     7
370
    25
100
AcDbCircle
 10
-56.3709657065
 20
-25.9840040202
 30
0.0
 40
0.0500000000000043
  0
CIRCLE
  5
1CC
330
1F
100
AcDbEntity
  8
0
  6
Continuous
 62
     7
370
    25
100
AcDbCircle
 10
-56.3709657065
 20
-26.9840040202
 30
0.0
 40
0.0500000000000043
  0
CIRCLE
  5
1CD
330
1F
100
AcDbEntity
  8
0
  6
Continuous
 62
     7
370
    25
100
AcDbCircle
 10
-57.3709657065
 20
-26.3840040202
 30
0.0
 40
0.0500000000000043
  0
CIRCLE
  5
1CE
330
1F
100
AcDbEntity
  8
0
  6
Continuous
 62
     7
370
    25
100
AcDbCircle
 10
-57.3709657065
 20
-25.7840040202
 30
0.0
 40
0.0499999999999972
  0
CIRCLE
  5
1CF
330
1F
100
AcDbEntity
  8
0
  6
Continuous
 62
     7
370
    25
100
AcDbCircle
 10
-57.3709657065
 20
-25.9840040202
 30
0.0
 40
0.0500000000000043
  0
CIRCLE
  5
1D0
330
1F
100
AcDbEntity
  8
0
  6
Continuous
 62
     7
370
    25
100
AcDbCircle
 10
-57.1709657065
 20
-26.1840040202
 30
0.0
 40
0.0500000000000043
  0
CIRCLE
  5
1D1
330
1F
100
AcDbEntity
  8
0
  6
Continuous
 62
     7
370
    25
100
AcDbCircle
 10
-57.3709657065
 20
-25.5840040202
 30
0.0
 40
0.0500000000000043
  0
CIRCLE
  5
1D2
330
1F
100
AcDbEntity
  8
0
  6
Continuous
 62
     7
370
    25
100
AcDbCircle
 10
-57.5709657065
 20
-28.9840040202
 30
0.0
 40
0.0499999999999972
  0
CIRCLE
  5
1D3
330
1F
100
AcDbEntity
  8
0
  6
Continuous
 62
     7
370
    25
100
AcDbCircle
 10
-57.3709657065
 20
-25.1840040202
 30
0.0
 40
0.0499999999999901
  0
CIRCLE
  5
1D4
330
1F
100
AcDbEntity
  8
0
  6
Continuous
 62
     7
370
    25
100
AcDbCircle
 10
-57.3709657065
 20
-26.1840040202
 30
0.0
 40
0.0499999999999972
  0
CIRCLE
  5
1D5
330
1F
100
AcDbEntity
  8
0
  6
Continuous
 62
     7
370
    25
100
AcDbCircle
 10
-57.1709657065
 20
-27.1840040202
 30
0.0
 40
0.0500000000000043
  0
CIRCLE
  5
1D6
330
1F
100
AcDbEntity
  8
0
  6
Continuous
 62
     7
370
    25
100
AcDbCircle
 10
-57.1709657065
 20
-26.5840040202
 30
0.0
 40
0.0499999999999972
  0
CIRCLE
  5
1D7
330
1F
100
AcDbEntity
  8
0
  6
Continuous
 62
     7
370
    25
100
AcDbCircle
 10
-57.1709657065
 20
-26.7840040202
 30
0.0
 40
0.0499999999999972
  0
CIRCLE
  5
1D8
330
1F
100
AcDbEntity
  8
0
  6
Continuous
 62
     7
370
    25
100
AcDbCircle
 10
-57.3709657065
 20
-28.5840040202
 30
0.0
 40
0.0500000000000043
  0
CIRCLE
  5
1D9
330
1F
100
AcDbEntity
  8
0
  6
Continuous
 62
     7
370
    25
100
AcDbCircle
 10
-57.1709657065
 20
-26.3840040202
 30
0.0
 40
0.0499999999999972
  0
CIRCLE
  5
1DA
330
1F
100
AcDbEntity
  8
0
  6
Continuous
 62
     7
370
    25
100
AcDbCircle
 10
-57.1709657065
 20
-25.7840040202
 30
0.0
 40
0.0500000000000043
  0
CIRCLE
  5
1DB
330
1F
100
AcDbEntity
  8
0
  6
Continuous
 62
     7
370
    25
100
AcDbCircle
 10
-57.1709657065
 20
-25.9840040202
 30
0.0
 40
0.0500000000000043
  0
CIRCLE
  5
1DC
330
1F
100
AcDbEntity
  8
0
  6
Continuous
 62
     7
370
    25
100
AcDbCircle
 10
-57.1709657065
 20
-26.9840040202
 30
0.0
 40
0.0499999999999972
  0
CIRCLE
  5
1DD
330
1F
100
AcDbEntity
  8
0
  6
Continuous
 62
     7
370
    25
100
AcDbCircle
 10
-57.5709657065
 20
-27.1840040202
 30
0.0
 40
0.0500000000000043
  0
CIRCLE
  5
1DE
330
1F
100
AcDbEntity
  8
0
  6
Continuous
 62
     7
370
    25
100
AcDbCircle
 10
-57.5709657065
 20
-26.5840040202
 30
0.0
 40
0.0500000000000114
  0
CIRCLE
  5
1DF
330
1F
100
AcDbEntity
  8
0
  6
Continuous
 62
     7
370
    25
100
AcDbCircle
 10
-57.5709657065
 20
-26.7840040202
 30
0.0
 40
0.0500000000000114
  0
CIRCLE
  5
1E0
330
1F
100
AcDbEntity
  8
0
  6
Continuous
 62
     7
370
    25
100
AcDbCircle
 10
-57.9709657065
 20
-26.1840040202
 30
0.0
 40
0.0499999999999972
  0
CIRCLE
  5
1E1
330
1F
100
AcDbEntity
  8
0
  6
Continuous
 62
     7
370
    25
100
AcDbCircle
 10
-57.5709657065
 20
-26.3840040202
 30
0.0
 40
0.0500000000000114
  0
CIRCLE
  5
1E2
330
1F
100
AcDbEntity
  8
0
  6
Continuous
 62
     7
370
    25
100
AcDbCircle
 10
-57.5709657065
 20
-25.9840040202
 30
0.0
 40
0.0500000000000043
  0
CIRCLE
  5
1E3
330
1F
100
AcDbEntity
  8
0
  6
Continuous
 62
     7
370
    25
100
AcDbCircle
 10
-57.5709657065
 20
-26.9840040202
 30
0.0
 40
0.0500000000000114
  0
CIRCLE
  5
1E4
330
1F
100
AcDbEntity
  8
0
  6
Continuous
 62
     7
370
    25
100
AcDbCircle
 10
-57.9709657065
 20
-27.1840040202
 30
0.0
 40
0.0499999999999972
  0
CIRCLE
  5
1E5
330
1F
100
AcDbEntity
  8
0
  6
Continuous
 62
     7
370
    25
100
AcDbCircle
 10
-57.9709657065
 20
-26.5840040202
 30
0.0
 40
0.0500000000000114
  0
CIRCLE
  5
1E6
330
1F
100
AcDbEntity
  8
0
  6
Continuous
 62
     7
370
    25
100
AcDbCircle
 10
-57.9709657065
 20
-26.7840040202
 30
0.0
 40
0.0500000000000114
  0
CIRCLE
  5
1E7
330
1F
100
AcDbEntity
  8
0
  6
Continuous
 62
     7
370
    25
100
AcDbCircle
 10
-57.5709657065
 20
-29.1840040202
 30
0.0
 40
0.0500000000000114
  0
CIRCLE
  5
1E8
330
1F
100
AcDbEntity
  8
0
  6
Continuous
 62
     7
370
    25
100
AcDbCircle
 10
-57.9709657065
 20
-26.3840040202
 30
0.0
 40
0.0500000000000114
  0
CIRCLE
  5
1E9
330
1F
100
AcDbEntity
  8
0
  6
Continuous
 62
     7
370
    25
100
AcDbCircle
 10
-57.9709657065
 20
-25.9840040202
 30
0.0
 40
0.0499999999999972
  0
CIRCLE
  5
1EA
330
1F
100
AcDbEntity
  8
0
  6
Continuous
 62
     7
370
    25
100
AcDbCircle
 10
-57.9709657065
 20
-26.9840040202
 30
0.0
 40
0.0500000000000114
  0
CIRCLE
  5
1EB
330
1F
100
AcDbEntity
  8
0
  6
Continuous
 62
     7
370
    25
100
AcDbCircle
 10
-57.7709657065
 20
-27.9840040202
 30
0.0
 40
0.0500000000000114
  0
CIRCLE
  5
1EC
330
1F
100
AcDbEntity
  8
0
  6
Continuous
 62
     7
370
    25
100
AcDbCircle
 10
-57.7709657065
 20
-27.3840040202
 30
0.0
 40
0.0500000000000114
  0
CIRCLE
  5
1ED
330
1F
100
AcDbEntity
  8
0
  6
Continuous
 62
     7
370
    25
100
AcDbCircle
 10
-57.7709657065
 20
-27.5840040202
 30
0.0
 40
0.0499999999999901
  0
CIRCLE
  5
1EE
330
1F
100
AcDbEntity
  8
0
  6
Continuous
 62
     7
370
    25
100
AcDbCircle
 10
-57.5709657065
 20
-27.7840040202
 30
0.0
 40
0.0500000000000043
  0
CIRCLE
  5
1EF
330
1F
100
AcDbEntity
  8
0
  6
Continuous
 62
     7
370
    25
100
AcDbCircle
 10
-57.7709657065
 20
-27.1840040202
 30
0.0
 40
0.0499999999999901
  0
CIRCLE
  5
1F0
330
1F
100
AcDbEntity
  8
0
  6
Continuous
 62
     7
370
    25
100
AcDbCircle
 10
-57.7709657065
 20
-26.5840040202
 30
0.0
 40
0.0499999999999972
  0
CIRCLE
  5
1F1
330
1F
100
AcDbEntity
  8
0
  6
Continuous
 62
     7
370
    25
100
AcDbCircle
 10
-57.7709657065
 20
-26.7840040202
 30
0.0
 40
0.0500000000000043
  0
CIRCLE
  5
1F2
330
1F
100
AcDbEntity
  8
0
  6
Continuous
 62
     7
370
    25
100
AcDbCircle
 10
-57.7709657065
 20
-27.7840040202
 30
0.0
 40
0.0500000000000114
  0
CIRCLE
  5
1F3
330
1F
100
AcDbEntity
  8
0
  6
Continuous
 62
     7
370
    25
100
AcDbCircle
 10
-57.5709657065
 20
-28.7840040202
 30
0.0
 40
0.0500000000000043
  0
CIRCLE
  5
1F4
330
1F
100
AcDbEntity
  8
0
  6
Continuous
 62
     7
370
    25
100
AcDbCircle
 10
-57.5709657065
 20
-28.1840040202
 30
0.0
 40
0.0500000000000043
  0
CIRCLE
  5
1F5
330
1F
100
AcDbEntity
  8
0
  6
Continuous
 62
     7
370
    25
100
AcDbCircle
 10
-57.5709657065
 20
-28.3840040202
 30
0.0
 40
0.0499999999999972
  0
CIRCLE
  5
1F6
330
1F
100
AcDbEntity
  8
0
  6
Continuous
 62
     7
370
    25
100
AcDbCircle
 10
-57.5709657065
 20
-26.1840040202
 30
0.0
 40
0.0500000000000043
  0
CIRCLE
  5
1F7
330
1F
100
AcDbEntity
  8
0
  6
Continuous
 62
     7
370
    25
100
AcDbCircle
 10
-57.5709657065
 20
-27.9840040202
 30
0.0
 40
0.0500000000000043
  0
CIRCLE
  5
1F8
330
1F
100
AcDbEntity
  8
0
  6
Continuous
 62
     7
370
    25
100
AcDbCircle
 10
-57.5709657065
 20
-27.3840040202
 30
0.0
 40
0.0500000000000043
  0
CIRCLE
  5
1F9
330
1F
100
AcDbEntity
  8
0
  6
Continuous
 62
     7
370
    25
100
AcDbCircle
 10
-57.5709657065
 20
-27.5840040202
 30
0.0
 40
0.0500000000000114
  0
CIRCLE
  5
1FA
330
1F
100
AcDbEntity
  8
0
  6
Continuous
 62
     7
370
    25
100
AcDbCircle
 10
-57.5709657065
 20
-28.5840040202
 30
0.0
 40
0.0500000000000043
  0
CIRCLE
  5
1FB
330
1F
100
AcDbEntity
  8
0
  6
Continuous
 62
     7
370
    25
100
AcDbCircle
 10
-57.9709657065
 20
-28.7840040202
 30
0.0
 40
0.0500000000000114
  0
CIRCLE
  5
1FC
330
1F
100
AcDbEntity
  8
0
  6
Continuous
 62
     7
370
    25
100
AcDbCircle
 10
-57.9709657065
 20
-28.1840040202
 30
0.0
 40
0.0499999999999972
  0
CIRCLE
  5
1FD
330
1F
100
AcDbEntity
  8
0
  6
Continuous
 62
     7
370
    25
100
AcDbCircle
 10
-57.9709657065
 20
-28.3840040202
 30
0.0
 40
0.0499999999999972
  0
CIRCLE
  5
1FE
330
1F
100
AcDbEntity
  8
0
  6
Continuous
 62
     7
370
    25
100
AcDbCircle
 10
-54.1709657065
 20
-30.1840040202
 30
0.0
 40
0.0500000000000114
  0
CIRCLE
  5
1FF
330
1F
100
AcDbEntity
  8
0
  6
Continuous
 62
     7
370
    25
100
AcDbCircle
 10
-57.9709657065
 20
-27.9840040202
 30
0.0
 40
0.0499999999999972
  0
CIRCLE
  5
200
330
1F
100
AcDbEntity
  8
0
  6
Continuous
 62
     7
370
    25
100
AcDbCircle
 10
-57.9709657065
 20
-27.3840040202
 30
0.0
 40
0.0499999999999972
  0
CIRCLE
  5
201
330
1F
100
AcDbEntity
  8
0
  6
Continuous
 62
     7
370
    25
100
AcDbCircle
 10
-57.9709657065
 20
-27.5840040202
 30
0.0
 40
0.0499999999999972
  0
CIRCLE
  5
202
330
1F
100
AcDbEntity
  8
0
  6
Continuous
 62
     7
370
    25
100
AcDbCircle
 10
-57.9709657065
 20
-28.5840040202
 30
0.0
 40
0.0499999999999972
  0
CIRCLE
  5
203
330
1F
100
AcDbEntity
  8
0
  6
Continuous
 62
     7
370
    25
100
AcDbCircle
 10
-54.3709657065
 20
-33.1840040202
 30
0.0
 40
0.0499999999999972
  0
CIRCLE
  5
204
330
1F
100
AcDbEntity
  8
0
  6
Continuous
 62
     7
370
    25
100
AcDbCircle
 10
-54.1709657065
 20
-29.7840040202
 30
0.0
 40
0.0500000000000114
  0
CIRCLE
  5
205
330
1F
100
AcDbEntity
  8
0
  6
Continuous
 62
     7
370
    25
100
AcDbCircle
 10
-54.1709657065
 20
-29.5840040202
 30
0.0
 40
0.0499999999999972
  0
CIRCLE
  5
206
330
1F
100
AcDbEntity
  8
0
  6
Continuous
 62
     7
370
    25
100
AcDbCircle
 10
-54.1709657065
 20
-31.7840040202
 30
0.0
 40
0.0500000000000043
  0
CIRCLE
  5
207
330
1F
100
AcDbEntity
  8
0
  6
Continuous
 62
     7
370
    25
100
AcDbCircle
 10
-54.1709657065
 20
-29.9840040202
 30
0.0
 40
0.0500000000000114
  0
CIRCLE
  5
208
330
1F
100
AcDbEntity
  8
0
  6
Continuous
 62
     7
370
    25
100
AcDbCircle
 10
-54.1709657065
 20
-30.5840040202
 30
0.0
 40
0.0499999999999972
  0
CIRCLE
  5
209
330
1F
100
AcDbEntity
  8
0
  6
Continuous
 62
     7
370
    25
100
AcDbCircle
 10
-54.1709657065
 20
-30.3840040202
 30
0.0
 40
0.0500000000000114
  0
CIRCLE
  5
20A
330
1F
100
AcDbEntity
  8
0
  6
Continuous
 62
     7
370
    25
100
AcDbCircle
 10
-54.1709657065
 20
-29.3840040202
 30
0.0
 40
0.0500000000000043
  0
CIRCLE
  5
20B
330
1F
100
AcDbEntity
  8
0
  6
Continuous
 62
     7
370
    25
100
AcDbCircle
 10
-57.7709657065
 20
-25.3840040202
 30
0.0
 40
0.0500000000000114
  0
CIRCLE
  5
20C
330
1F
100
AcDbEntity
  8
0
  6
Continuous
 62
     7
370
    25
100
AcDbCircle
 10
-57.9709657065
 20
-25.1840040202
 30
0.0
 40
0.0500000000000043
  0
CIRCLE
  5
20D
330
1F
100
AcDbEntity
  8
0
  6
Continuous
 62
     7
370
    25
100
AcDbCircle
 10
-57.9709657065
 20
-29.1840040202
 30
0.0
 40
0.0500000000000043
  0
CIRCLE
  5
20E
330
1F
100
AcDbEntity
  8
0
  6
Continuous
 62
     7
370
    25
100
AcDbCircle
 10
-57.9709657065
 20
-25.5840040202
 30
0.0
 40
0.0499999999999972
  0
CIRCLE
  5
20F
330
1F
100
AcDbEntity
  8
0
  6
Continuous
 62
     7
370
    25
100
AcDbCircle
 10
-57.7709657065
 20
-29.1840040202
 30
0.0
 40
0.0500000000000043
  0
CIRCLE
  5
210
330
1F
100
AcDbEntity
  8
0
  6
Continuous
 62
     7
370
    25
100
AcDbCircle
 10
-57.1709657065
 20
-29.1840040202
 30
0.0
 40
0.0499999999999972
  0
CIRCLE
  5
211
330
1F
100
AcDbEntity
  8
0
  6
Continuous
 62
     7
370
    25
100
AcDbCircle
 10
-57.3709657065
 20
-29.1840040202
 30
0.0
 40
0.0500000000000114
  0
CIRCLE
  5
212
330
1F
100
AcDbEntity
  8
0
  6
Continuous
 62
     7
370
    25
100
AcDbCircle
 10
-57.9709657065
 20
-25.3840040202
 30
0.0
 40
0.0499999999999972
  0
CIRCLE
  5
213
330
1F
100
AcDbEntity
  8
0
  6
Continuous
 62
     7
370
    25
100
AcDbCircle
 10
-57.7709657065
 20
-26.3840040202
 30
0.0
 40
0.0500000000000043
  0
CIRCLE
  5
214
330
1F
100
AcDbEntity
  8
0
  6
Continuous
 62
     7
370
    25
100
AcDbCircle
 10
-57.7709657065
 20
-25.9840040202
 30
0.0
 40
0.0500000000000043
  0
CIRCLE
  5
215
330
1F
100
AcDbEntity
  8
0
  6
Continuous
 62
     7
370
    25
100
AcDbCircle
 10
-57.9709657065
 20
-27.7840040202
 30
0.0
 40
0.0499999999999972
  0
CIRCLE
  5
216
330
1F
100
AcDbEntity
  8
0
  6
Continuous
 62
     7
370
    25
100
AcDbCircle
 10
-57.7709657065
 20
-25.5840040202
 30
0.0
 40
0.0500000000000043
  0
CIRCLE
  5
217
330
1F
100
AcDbEntity
  8
0
  6
Continuous
 62
     7
370
    25
100
AcDbCircle
 10
-57.9709657065
 20
-28.9840040202
 30
0.0
 40
0.0500000000000043
  0
CIRCLE
  5
218
330
1F
100
AcDbEntity
  8
0
  6
Continuous
 62
     7
370
    25
100
AcDbCircle
 10
-57.7709657065
 20
-25.1840040202
 30
0.0
 40
0.0500000000000114
  0
CIRCLE
  5
219
330
1F
100
AcDbEntity
  8
0
  6
Continuous
 62
     7
370
    25
100
AcDbCircle
 10
-57.7709657065
 20
-26.1840040202
 30
0.0
 40
0.0500000000000043
  0
CIRCLE
  5
21A
330
1F
100
AcDbEntity
  8
0
  6
Continuous
 62
     7
370
    25
100
AcDbCircle
 10
-55.3709657065
 20
-29.1840040202
 30
0.0
 40
0.0500000000000043
  0
CIRCLE
  5
21B
330
1F
100
AcDbEntity
  8
0
  6
Continuous
 62
     7
370
    25
100
AcDbCircle
 10
-57.9709657065
 20
-32.9840040202
 30
0.0
 40
0.0500000000000043
  0
CIRCLE
  5
21C
330
1F
100
AcDbEntity
  8
0
  6
Continuous
 62
     7
370
    25
100
AcDbCircle
 10
-57.9709657065
 20
-33.1840040202
 30
0.0
 40
0.0500000000000043
  0
CIRCLE
  5
21D
330
1F
100
AcDbEntity
  8
0
  6
Continuous
 62
     7
370
    25
100
AcDbCircle
 10
-57.5709657065
 20
-32.5840040202
 30
0.0
 40
0.0500000000000043
  0
CIRCLE
  5
21E
330
1F
100
AcDbEntity
  8
0
  6
Continuous
 62
     7
370
    25
100
AcDbCircle
 10
-57.9709657065
 20
-32.7840040202
 30
0.0
 40
0.0499999999999972
  0
CIRCLE
  5
21F
330
1F
100
AcDbEntity
  8
0
  6
Continuous
 62
     7
370
    25
100
AcDbCircle
 10
-57.9709657065
 20
-32.1840040202
 30
0.0
 40
0.0500000000000043
  0
CIRCLE
  5
220
330
1F
100
AcDbEntity
  8
0
  6
Continuous
 62
     7
370
    25
100
AcDbCircle
 10
-57.9709657065
 20
-32.3840040202
 30
0.0
 40
0.0500000000000043
  0
CIRCLE
  5
221
330
1F
100
AcDbEntity
  8
0
  6
Continuous
 62
     7
370
    25
100
AcDbCircle
 10
-55.1709657065
 20
-29.1840040202
 30
0.0
 40
0.0499999999999972
  0
CIRCLE
  5
222
330
1F
100
AcDbEntity
  8
0
  6
Continuous
 62
     7
370
    25
100
AcDbCircle
 10
-57.7709657065
 20
-29.5840040202
 30
0.0
 40
0.0499999999999972
  0
CIRCLE
  5
223
330
1F
100
AcDbEntity
  8
0
  6
Continuous
 62
     7
370
    25
100
AcDbCircle
 10
-57.5709657065
 20
-32.9840040202
 30
0.0
 40
0.0500000000000043
  0
CIRCLE
  5
224
330
1F
100
AcDbEntity
  8
0
  6
Continuous
 62
     7
370
    25
100
AcDbCircle
 10
-57.5709657065
 20
-33.1840040202
 30
0.0
 40
0.0500000000000043
  0
CIRCLE
  5
225
330
1F
100
AcDbEntity
  8
0
  6
Continuous
 62
     7
370
    25
100
AcDbCircle
 10
-57.5709657065
 20
-30.9840040202
 30
0.0
 40
0.0500000000000043
  0
CIRCLE
  5
226
330
1F
100
AcDbEntity
  8
0
  6
Continuous
 62
     7
370
    25
100
AcDbCircle
 10
-57.5709657065
 20
-32.7840040202
 30
0.0
 40
0.0500000000000043
  0
CIRCLE
  5
227
330
1F
100
AcDbEntity
  8
0
  6
Continuous
 62
     7
370
    25
100
AcDbCircle
 10
-57.5709657065
 20
-32.1840040202
 30
0.0
 40
0.0500000000000043
  0
CIRCLE
  5
228
330
1F
100
AcDbEntity
  8
0
  6
Continuous
 62
     7
370
    25
100
AcDbCircle
 10
-57.5709657065
 20
-32.3840040202
 30
0.0
 40
0.0500000000000043
  0
CIRCLE
  5
229
330
1F
100
AcDbEntity
  8
0
  6
Continuous
 62
     7
370
    25
100
AcDbCircle
 10
-57.7709657065
 20
-29.3840040202
 30
0.0
 40
0.0499999999999972
  0
CIRCLE
  5
22A
330
1F
100
AcDbEntity
  8
0
  6
Continuous
 62
     7
370
    25
100
AcDbCircle
 10
-57.9709657065
 20
-30.3840040202
 30
0.0
 40
0.0500000000000043
  0
CIRCLE
  5
22B
330
1F
100
AcDbEntity
  8
0
  6
Continuous
 62
     7
370
    25
100
AcDbCircle
 10
-57.9709657065
 20
-29.7840040202
 30
0.0
 40
0.0500000000000043
  0
CIRCLE
  5
22C
330
1F
100
AcDbEntity
  8
0
  6
Continuous
 62
     7
370
    25
100
AcDbCircle
 10
-57.9709657065
 20
-29.9840040202
 30
0.0
 40
0.0500000000000043
  0
CIRCLE
  5
22D
330
1F
100
AcDbEntity
  8
0
  6
Continuous
 62
     7
370
    25
100
AcDbCircle
 10
-55.9709657065
 20
-29.1840040202
 30
0.0
 40
0.0500000000000043
  0
CIRCLE
  5
22E
330
1F
100
AcDbEntity
  8
0
  6
Continuous
 62
     7
370
    25
100
AcDbCircle
 10
-57.9709657065
 20
-29.5840040202
 30
0.0
 40
0.0500000000000043
  0
CIRCLE
  5
22F
330
1F
100
AcDbEntity
  8
0
  6
Continuous
 62
     7
370
    25
100
AcDbCircle
 10
-57.7709657065
 20
-32.9840040202
 30
0.0
 40
0.0500000000000043
  0
CIRCLE
  5
230
330
1F
100
AcDbEntity
  8
0
  6
Continuous
 62
     7
370
    25
100
AcDbCircle
 10
-57.7709657065
 20
-33.1840040202
 30
0.0
 40
0.0500000000000043
  0
CIRCLE
  5
231
330
1F
100
AcDbEntity
  8
0
  6
Continuous
 62
     7
370
    25
100
AcDbCircle
 10
-57.9709657065
 20
-30.1840040202
 30
0.0
 40
0.0499999999999972
  0
CIRCLE
  5
232
330
1F
100
AcDbEntity
  8
0
  6
Continuous
 62
     7
370
    25
100
AcDbCircle
 10
-56.9709657065
 20
-29.1840040202
 30
0.0
 40
0.0500000000000043
  0
CIRCLE
  5
233
330
1F
100
AcDbEntity
  8
0
  6
Continuous
 62
     7
370
    25
100
AcDbCircle
 10
-56.3709657065
 20
-29.1840040202
 30
0.0
 40
0.0500000000000043
  0
CIRCLE
  5
234
330
1F
100
AcDbEntity
  8
0
  6
Continuous
 62
     7
370
    25
100
AcDbCircle
 10
-56.5709657065
 20
-29.1840040202
 30
0.0
 40
0.0500000000000114
  0
CIRCLE
  5
235
330
1F
100
AcDbEntity
  8
0
  6
Continuous
 62
     7
370
    25
100
AcDbCircle
 10
-57.9709657065
 20
-32.5840040202
 30
0.0
 40
0.0500000000000043
  0
CIRCLE
  5
236
330
1F
100
AcDbEntity
  8
0
  6
Continuous
 62
     7
370
    25
100
AcDbCircle
 10
-56.1709657065
 20
-29.1840040202
 30
0.0
 40
0.0500000000000043
  0
CIRCLE
  5
237
330
1F
100
AcDbEntity
  8
0
  6
Continuous
 62
     7
370
    25
100
AcDbCircle
 10
-55.5709657065
 20
-29.1840040202
 30
0.0
 40
0.0500000000000043
  0
CIRCLE
  5
238
330
1F
100
AcDbEntity
  8
0
  6
Continuous
 62
     7
370
    25
100
AcDbCircle
 10
-55.7709657065
 20
-29.1840040202
 30
0.0
 40
0.0500000000000043
  0
CIRCLE
  5
239
330
1F
100
AcDbEntity
  8
0
  6
Continuous
 62
     7
370
    25
100
AcDbCircle
 10
-56.7709657065
 20
-29.1840040202
 30
0.0
 40
0.0500000000000043
  0
CIRCLE
  5
23A
330
1F
100
AcDbEntity
  8
0
  6
Continuous
 62
     7
370
    25
100
AcDbCircle
 10
-57.7709657065
 20
-31.1840040202
 30
0.0
 40
0.0500000000000043
  0
CIRCLE
  5
23B
330
1F
100
AcDbEntity
  8
0
  6
Continuous
 62
     7
370
    25
100
AcDbCircle
 10
-57.7709657065
 20
-30.5840040202
 30
0.0
 40
0.0500000000000043
  0
CIRCLE
  5
23C
330
1F
100
AcDbEntity
  8
0
  6
Continuous
 62
     7
370
    25
100
AcDbCircle
 10
-57.7709657065
 20
-30.7840040202
 30
0.0
 40
0.0500000000000043
  0
CIRCLE
  5
23D
330
1F
100
AcDbEntity
  8
0
  6
Continuous
 62
     7
370
    25
100
AcDbCircle
 10
-57.7709657065
 20
-28.5840040202
 30
0.0
 40
0.0500000000000043
  0
CIRCLE
  5
23E
330
1F
100
AcDbEntity
  8
0
  6
Continuous
 62
     7
370
    25
100
AcDbCircle
 10
-57.7709657065
 20
-30.3840040202
 30
0.0
 40
0.0500000000000114
  0
CIRCLE
  5
23F
330
1F
100
AcDbEntity
  8
0
  6
Continuous
 62
     7
370
    25
100
AcDbCircle
 10
-57.7709657065
 20
-29.7840040202
 30
0.0
 40
0.0500000000000114
  0
CIRCLE
  5
240
330
1F
100
AcDbEntity
  8
0
  6
Continuous
 62
     7
370
    25
100
AcDbCircle
 10
-57.7709657065
 20
-29.9840040202
 30
0.0
 40
0.0499999999999972
  0
CIRCLE
  5
241
330
1F
100
AcDbEntity
  8
0
  6
Continuous
 62
     7
370
    25
100
AcDbCircle
 10
-57.7709657065
 20
-30.9840040202
 30
0.0
 40
0.0500000000000043
  0
CIRCLE
  5
242
330
1F
100
AcDbEntity
  8
0
  6
Continuous
 62
     7
370
    25
100
AcDbCircle
 10
-57.5709657065
 20
-25.5840040202
 30
0.0
 40
0.0500000000000043
  0
CIRCLE
  5
243
330
1F
100
AcDbEntity
  8
0
  6
Continuous
 62
     7
370
    25
100
AcDbCircle
 10
-57.7709657065
 20
-28.9840040202
 30
0.0
 40
0.0500000000000043
  0
CIRCLE
  5
244
330
1F
100
AcDbEntity
  8
0
  6
Continuous
 62
     7
370
    25
100
AcDbCircle
 10
-57.5709657065
 20
-25.1840040202
 30
0.0
 40
0.0500000000000043
  0
CIRCLE
  5
245
330
1F
100
AcDbEntity
  8
0
  6
Continuous
 62
     7
370
    25
100
AcDbCircle
 10
-57.7709657065
 20
-26.9840040202
 30
0.0
 40
0.0500000000000043
  0
CIRCLE
  5
246
330
1F
100
AcDbEntity
  8
0
  6
Continuous
 62
     7
370
    25
100
AcDbCircle
 10
-57.7709657065
 20
-28.7840040202
 30
0.0
 40
0.0500000000000043
  0
CIRCLE
  5
247
330
1F
100
AcDbEntity
  8
0
  6
Continuous
 62
     7
370
    25
100
AcDbCircle
 10
-57.7709657065
 20
-28.1840040202
 30
0.0
 40
0.0500000000000043
  0
CIRCLE
  5
248
330
1F
100
AcDbEntity
  8
0
  6
Continuous
 62
     7
370
    25
100
AcDbCircle
 10
-57.7709657065
 20
-28.3840040202
 30
0.0
 40
0.0500000000000185
  0
CIRCLE
  5
249
330
1F
100
AcDbEntity
  8
0
  6
Continuous
 62
     7
370
    25
100
AcDbCircle
 10
-57.5709657065
 20
-25.3840040202
 30
0.0
 40
0.0500000000000043
  0
CIRCLE
  5
24A
330
1F
100
AcDbEntity
  8
0
  6
Continuous
 62
     7
370
    25
100
AcDbCircle
 10
-57.5709657065
 20
-31.9840040202
 30
0.0
 40
0.0499999999999972
  0
CIRCLE
  5
24B
330
1F
100
AcDbEntity
  8
0
  6
Continuous
 62
     7
370
    25
100
AcDbCircle
 10
-57.5709657065
 20
-31.3840040202
 30
0.0
 40
0.0499999999999972
  0
CIRCLE
  5
24C
330
1F
100
AcDbEntity
  8
0
  6
Continuous
 62
     7
370
    25
100
AcDbCircle
 10
-57.5709657065
 20
-31.5840040202
 30
0.0
 40
0.0499999999999972
  0
CIRCLE
  5
24D
330
1F
100
AcDbEntity
  8
0
  6
Continuous
 62
     7
370
    25
100
AcDbCircle
 10
-57.7709657065
 20
-31.7840040202
 30
0.0
 40
0.0500000000000043
  0
CIRCLE
  5
24E
330
1F
100
AcDbEntity
  8
0
  6
Continuous
 62
     7
370
    25
100
AcDbCircle
 10
-57.5709657065
 20
-31.1840040202
 30
0.0
 40
0.0500000000000043
  0
CIRCLE
  5
24F
330
1F
100
AcDbEntity
  8
0
  6
Continuous
 62
     7
370
    25
100
AcDbCircle
 10
-57.5709657065
 20
-30.5840040202
 30
0.0
 40
0.0500000000000043
  0
CIRCLE
  5
250
330
1F
100
AcDbEntity
  8
0
  6
Continuous
 62
     7
370
    25
100
AcDbCircle
 10
-57.5709657065
 20
-30.7840040202
 30
0.0
 40
0.0500000000000043
  0
CIRCLE
  5
251
330
1F
100
AcDbEntity
  8
0
  6
Continuous
 62
     7
370
    25
100
AcDbCircle
 10
-57.5709657065
 20
-31.7840040202
 30
0.0
 40
0.0499999999999972
  0
CIRCLE
  5
252
330
1F
100
AcDbEntity
  8
0
  6
Continuous
 62
     7
370
    25
100
AcDbCircle
 10
-57.7709657065
 20
-32.7840040202
 30
0.0
 40
0.0500000000000043
  0
CIRCLE
  5
253
330
1F
100
AcDbEntity
  8
0
  6
Continuous
 62
     7
370
    25
100
AcDbCircle
 10
-57.7709657065
 20
-32.1840040202
 30
0.0
 40
0.0500000000000043
  0
CIRCLE
  5
254
330
1F
100
AcDbEntity
  8
0
  6
Continuous
 62
     7
370
    25
100
AcDbCircle
 10
-57.7709657065
 20
-32.3840040202
 30
0.0
 40
0.0500000000000043
  0
CIRCLE
  5
255
330
1F
100
AcDbEntity
  8
0
  6
Continuous
 62
     7
370
    25
100
AcDbCircle
 10
-57.7709657065
 20
-30.1840040202
 30
0.0
 40
0.0500000000000114
  0
CIRCLE
  5
256
330
1F
100
AcDbEntity
  8
0
  6
Continuous
 62
     7
370
    25
100
AcDbCircle
 10
-57.7709657065
 20
-31.9840040202
 30
0.0
 40
0.0500000000000043
  0
CIRCLE
  5
257
330
1F
100
AcDbEntity
  8
0
  6
Continuous
 62
     7
370
    25
100
AcDbCircle
 10
-57.7709657065
 20
-31.3840040202
 30
0.0
 40
0.0500000000000043
  0
CIRCLE
  5
258
330
1F
100
AcDbEntity
  8
0
  6
Continuous
 62
     7
370
    25
100
AcDbCircle
 10
-57.7709657065
 20
-31.5840040202
 30
0.0
 40
0.0500000000000043
  0
CIRCLE
  5
259
330
1F
100
AcDbEntity
  8
0
  6
Continuous
 62
     7
370
    25
100
AcDbCircle
 10
-57.7709657065
 20
-32.5840040202
 30
0.0
 40
0.0500000000000043
  0
CIRCLE
  5
25A
330
1F
100
AcDbEntity
  8
0
  6
Continuous
 62
     7
370
    25
100
AcDbCircle
 10
-57.3709657065
 20
-33.1840040202
 30
0.0
 40
0.0500000000000043
  0
CIRCLE
  5
25B
330
1F
100
AcDbEntity
  8
0
  6
Continuous
 62
     7
370
    25
100
AcDbCircle
 10
-57.5709657065
 20
-30.1840040202
 30
0.0
 40
0.0500000000000043
  0
CIRCLE
  5
25C
330
1F
100
AcDbEntity
  8
0
  6
Continuous
 62
     7
370
    25
100
AcDbCircle
 10
-57.5709657065
 20
-30.3840040202
 30
0.0
 40
0.0500000000000043
  0
CIRCLE
  5
25D
330
1F
100
AcDbEntity
  8
0
  6
Continuous
 62
     7
370
    25
100
AcDbCircle
 10
-57.5709657065
 20
-29.7840040202
 30
0.0
 40
0.0500000000000185
  0
CIRCLE
  5
25E
330
1F
100
AcDbEntity
  8
0
  6
Continuous
 62
     7
370
    25
100
AcDbCircle
 10
-57.1709657065
 20
-33.1840040202
 30
0.0
 40
0.0500000000000043
  0
CIRCLE
  5
25F
330
1F
100
AcDbEntity
  8
0
  6
Continuous
 62
     7
370
    25
100
AcDbCircle
 10
-57.5709657065
 20
-29.3840040202
 30
0.0
 40
0.0499999999999972
  0
CIRCLE
  5
260
330
1F
100
AcDbEntity
  8
0
  6
Continuous
 62
     7
370
    25
100
AcDbCircle
 10
-57.5709657065
 20
-29.5840040202
 30
0.0
 40
0.0500000000000114
  0
CIRCLE
  5
261
330
1F
100
AcDbEntity
  8
0
  6
Continuous
 62
     7
370
    25
100
AcDbCircle
 10
-57.3709657065
 20
-32.9840040202
 30
0.0
 40
0.0500000000000043
  0
CIRCLE
  5
262
330
1F
100
AcDbEntity
  8
0
  6
Continuous
 62
     7
370
    25
100
AcDbCircle
 10
-57.3709657065
 20
-31.5840040202
 30
0.0
 40
0.0500000000000043
  0
CIRCLE
  5
263
330
1F
100
AcDbEntity
  8
0
  6
Continuous
 62
     7
370
    25
100
AcDbCircle
 10
-57.3709657065
 20
-32.5840040202
 30
0.0
 40
0.0500000000000043
  0
CIRCLE
  5
264
330
1F
100
AcDbEntity
  8
0
  6
Continuous
 62
     7
370
    25
100
AcDbCircle
 10
-57.3709657065
 20
-32.7840040202
 30
0.0
 40
0.0500000000000043
  0
CIRCLE
  5
265
330
1F
100
AcDbEntity
  8
0
  6
Continuous
 62
     7
370
    25
100
AcDbCircle
 10
-57.3709657065
 20
-32.1840040202
 30
0.0
 40
0.0500000000000043
  0
CIRCLE
  5
266
330
1F
100
AcDbEntity
  8
0
  6
Continuous
 62
     7
370
    25
100
AcDbCircle
 10
-57.5709657065
 20
-29.9840040202
 30
0.0
 40
0.0500000000000043
  0
CIRCLE
  5
267
330
1F
100
AcDbEntity
  8
0
  6
Continuous
 62
     7
370
    25
100
AcDbCircle
 10
-57.3709657065
 20
-31.7840040202
 30
0.0
 40
0.0500000000000043
  0
CIRCLE
  5
268
330
1F
100
AcDbEntity
  8
0
  6
Continuous
 62
     7
370
    25
100
AcDbCircle
 10
-57.3709657065
 20
-31.9840040202
 30
0.0
 40
0.0499999999999972
  0
CIRCLE
  5
269
330
1F
100
AcDbEntity
  8
0
  6
Continuous
 62
     7
370
    25
100
AcDbCircle
 10
-57.3709657065
 20
-31.3840040202
 30
0.0
 40
0.0500000000000043
  0
CIRCLE
  5
26A
330
1F
100
AcDbEntity
  8
0
  6
Continuous
 62
     7
370
    25
100
AcDbCircle
 10
-57.3709657065
 20
-29.9840040202
 30
0.0
 40
0.0499999999999972
  0
CIRCLE
  5
26B
330
1F
100
AcDbEntity
  8
0
  6
Continuous
 62
     7
370
    25
100
AcDbCircle
 10
-57.3709657065
 20
-30.9840040202
 30
0.0
 40
0.0500000000000043
  0
CIRCLE
  5
26C
330
1F
100
AcDbEntity
  8
0
  6
Continuous
 62
     7
370
    25
100
AcDbCircle
 10
-57.3709657065
 20
-31.1840040202
 30
0.0
 40
0.0500000000000043
  0
CIRCLE
  5
26D
330
1F
100
AcDbEntity
  8
0
  6
Continuous
 62
     7
370
    25
100
AcDbCircle
 10
-57.3709657065
 20
-30.5840040202
 30
0.0
 40
0.0500000000000043
  0
CIRCLE
  5
26E
330
1F
100
AcDbEntity
  8
0
  6
Continuous
 62
     7
370
    25
100
AcDbCircle
 10
-56.3709657065
 20
-33.1840040202
 30
0.0
 40
0.0499999999999972
  0
CIRCLE
  5
26F
330
1F
100
AcDbEntity
  8
0
  6
Continuous
 62
     7
370
    25
100
AcDbCircle
 10
-57.3709657065
 20
-30.1840040202
 30
0.0
 40
0.0499999999999972
  0
CIRCLE
  5
270
330
1F
100
AcDbEntity
  8
0
  6
Continuous
 62
     7
370
    25
100
AcDbCircle
 10
-57.3709657065
 20
-30.3840040202
 30
0.0
 40
0.0499999999999972
  0
CIRCLE
  5
271
330
1F
100
AcDbEntity
  8
0
  6
Continuous
 62
     7
370
    25
100
AcDbCircle
 10
-57.3709657065
 20
-29.7840040202
 30
0.0
 40
0.0499999999999972
  0
CIRCLE
  5
272
330
1F
100
AcDbEntity
  8
0
  6
Continuous
 62
     7
370
    25
100
AcDbCircle
 10
-57.1709657065
 20
-32.3840040202
 30
0.0
 40
0.0500000000000043
  0
CIRCLE
  5
273
330
1F
100
AcDbEntity
  8
0
  6
Continuous
 62
     7
370
    25
100
AcDbCircle
 10
-57.3709657065
 20
-29.3840040202
 30
0.0
 40
0.0500000000000114
  0
CIRCLE
  5
274
330
1F
100
AcDbEntity
  8
0
  6
Continuous
 62
     7
370
    25
100
AcDbCircle
 10
-57.3709657065
 20
-29.5840040202
 30
0.0
 40
0.0500000000000114
  0
CIRCLE
  5
275
330
1F
100
AcDbEntity
  8
0
  6
Continuous
 62
     7
370
    25
100
AcDbCircle
 10
-57.1709657065
 20
-32.9840040202
 30
0.0
 40
0.0500000000000043
  0
CIRCLE
  5
276
330
1F
100
AcDbEntity
  8
0
  6
Continuous
 62
     7
370
    25
100
AcDbCircle
 10
-57.3709657065
 20
-30.7840040202
 30
0.0
 40
0.0500000000000043
  0
CIRCLE
  5
277
330
1F
100
AcDbEntity
  8
0
  6
Continuous
 62
     7
370
    25
100
AcDbCircle
 10
-57.1709657065
 20
-32.5840040202
 30
0.0
 40
0.0500000000000043
  0
CIRCLE
  5
278
330
1F
100
AcDbEntity
  8
0
  6
Continuous
 62
     7
370
    25
100
AcDbCircle
 10
-57.1709657065
 20
-32.7840040202
 30
0.0
 40
0.0500000000000043
  0
CIRCLE
  5
279
330
1F
100
AcDbEntity
  8
0
  6
Continuous
 62
     7
370
    25
100
AcDbCircle
 10
-57.1709657065
 20
-32.1840040202
 30
0.0
 40
0.0500000000000043
  0
CIRCLE
  5
27A
330
1F
100
AcDbEntity
  8
0
  6
Continuous
 62
     7
370
    25
100
AcDbCircle
 10
-57.1709657065
 20
-30.7840040202
 30
0.0
 40
0.0500000000000043
  0
CIRCLE
  5
27B
330
1F
100
AcDbEntity
  8
0
  6
Continuous
 62
     7
370
    25
100
AcDbCircle
 10
-57.1709657065
 20
-31.7840040202
 30
0.0
 40
0.0500000000000114
  0
CIRCLE
  5
27C
330
1F
100
AcDbEntity
  8
0
  6
Continuous
 62
     7
370
    25
100
AcDbCircle
 10
-57.1709657065
 20
-31.9840040202
 30
0.0
 40
0.0499999999999972
  0
CIRCLE
  5
27D
330
1F
100
AcDbEntity
  8
0
  6
Continuous
 62
     7
370
    25
100
AcDbCircle
 10
-57.1709657065
 20
-31.3840040202
 30
0.0
 40
0.0500000000000114
  0
CIRCLE
  5
27E
330
1F
100
AcDbEntity
  8
0
  6
Continuous
 62
     7
370
    25
100
AcDbCircle
 10
-56.9709657065
 20
-30.7840040202
 30
0.0
 40
0.0500000000000114
  0
CIRCLE
  5
27F
330
1F
100
AcDbEntity
  8
0
  6
Continuous
 62
     7
370
    25
100
AcDbCircle
 10
-57.1709657065
 20
-30.9840040202
 30
0.0
 40
0.0500000000000043
  0
CIRCLE
  5
280
330
1F
100
AcDbEntity
  8
0
  6
Continuous
 62
     7
370
    25
100
AcDbCircle
 10
-57.1709657065
 20
-31.1840040202
 30
0.0
 40
0.0500000000000043
  0
CIRCLE
  5
281
330
1F
100
AcDbEntity
  8
0
  6
Continuous
 62
     7
370
    25
100
AcDbCircle
 10
-57.1709657065
 20
-30.5840040202
 30
0.0
 40
0.0500000000000043
  0
CIRCLE
  5
282
330
1F
100
AcDbEntity
  8
0
  6
Continuous
 62
     7
370
    25
100
AcDbCircle
 10
-56.9709657065
 20
-33.1840040202
 30
0.0
 40
0.0499999999999972
  0
CIRCLE
  5
283
330
1F
100
AcDbEntity
  8
0
  6
Continuous
 62
     7
370
    25
100
AcDbCircle
 10
-57.1709657065
 20
-30.1840040202
 30
0.0
 40
0.0500000000000043
  0
CIRCLE
  5
284
330
1F
100
AcDbEntity
  8
0
  6
Continuous
 62
     7
370
    25
100
AcDbCircle
 10
-57.1709657065
 20
-30.3840040202
 30
0.0
 40
0.0500000000000043
  0
CIRCLE
  5
285
330
1F
100
AcDbEntity
  8
0
  6
Continuous
 62
     7
370
    25
100
AcDbCircle
 10
-57.1709657065
 20
-29.7840040202
 30
0.0
 40
0.0500000000000043
  0
CIRCLE
  5
286
330
1F
100
AcDbEntity
  8
0
  6
Continuous
 62
     7
370
    25
100
AcDbCircle
 10
-57.1709657065
 20
-31.5840040202
 30
0.0
 40
0.0500000000000114
  0
CIRCLE
  5
287
330
1F
100
AcDbEntity
  8
0
  6
Continuous
 62
     7
370
    25
100
AcDbCircle
 10
-57.1709657065
 20
-29.3840040202
 30
0.0
 40
0.0499999999999972
  0
CIRCLE
  5
288
330
1F
100
AcDbEntity
  8
0
  6
Continuous
 62
     7
370
    25
100
AcDbCircle
 10
-57.1709657065
 20
-29.5840040202
 30
0.0
 40
0.0500000000000114
  0
CIRCLE
  5
289
330
1F
100
AcDbEntity
  8
0
  6
Continuous
 62
     7
370
    25
100
AcDbCircle
 10
-56.9709657065
 20
-32.9840040202
 30
0.0
 40
0.0500000000000114
  0
CIRCLE
  5
28A
330
1F
100
AcDbEntity
  8
0
  6
Continuous
 62
     7
370
    25
100
AcDbCircle
 10
-56.9709657065
 20
-31.5840040202
 30
0.0
 40
0.0499999999999972
  0
CIRCLE
  5
28B
330
1F
100
AcDbEntity
  8
0
  6
Continuous
 62
     7
370
    25
100
AcDbCircle
 10
-56.9709657065
 20
-32.5840040202
 30
0.0
 40
0.0500000000000043
  0
CIRCLE
  5
28C
330
1F
100
AcDbEntity
  8
0
  6
Continuous
 62
     7
370
    25
100
AcDbCircle
 10
-56.9709657065
 20
-32.7840040202
 30
0.0
 40
0.0500000000000043
  0
CIRCLE
  5
28D
330
1F
100
AcDbEntity
  8
0
  6
Continuous
 62
     7
370
    25
100
AcDbCircle
 10
-56.9709657065
 20
-32.1840040202
 30
0.0
 40
0.0500000000000043
  0
CIRCLE
  5
28E
330
1F
100
AcDbEntity
  8
0
  6
Continuous
 62
     7
370
    25
100
AcDbCircle
 10
-57.3709657065
 20
-32.3840040202
 30
0.0
 40
0.0500000000000043
  0
CIRCLE
  5
28F
330
1F
100
AcDbEntity
  8
0
  6
Continuous
 62
     7
370
    25
100
AcDbCircle
 10
-56.9709657065
 20
-31.7840040202
 30
0.0
 40
0.0499999999999972
  0
CIRCLE
  5
290
330
1F
100
AcDbEntity
  8
0
  6
Continuous
 62
     7
370
    25
100
AcDbCircle
 10
-56.9709657065
 20
-31.9840040202
 30
0.0
 40
0.0500000000000043
  0
CIRCLE
  5
291
330
1F
100
AcDbEntity
  8
0
  6
Continuous
 62
     7
370
    25
100
AcDbCircle
 10
-56.9709657065
 20
-31.3840040202
 30
0.0
 40
0.0500000000000043
  0
CIRCLE
  5
292
330
1F
100
AcDbEntity
  8
0
  6
Continuous
 62
     7
370
    25
100
AcDbCircle
 10
-56.9709657065
 20
-29.9840040202
 30
0.0
 40
0.0500000000000043
  0
CIRCLE
  5
293
330
1F
100
AcDbEntity
  8
0
  6
Continuous
 62
     7
370
    25
100
AcDbCircle
 10
-56.9709657065
 20
-30.9840040202
 30
0.0
 40
0.0500000000000114
  0
CIRCLE
  5
294
330
1F
100
AcDbEntity
  8
0
  6
Continuous
 62
     7
370
    25
100
AcDbCircle
 10
-56.9709657065
 20
-31.1840040202
 30
0.0
 40
0.0499999999999901
  0
CIRCLE
  5
295
330
1F
100
AcDbEntity
  8
0
  6
Continuous
 62
     7
370
    25
100
AcDbCircle
 10
-56.9709657065
 20
-30.5840040202
 30
0.0
 40
0.0499999999999901
  0
CIRCLE
  5
296
330
1F
100
AcDbEntity
  8
0
  6
Continuous
 62
     7
370
    25
100
AcDbCircle
 10
-56.9709657065
 20
-32.3840040202
 30
0.0
 40
0.0500000000000043
  0
CIRCLE
  5
297
330
1F
100
AcDbEntity
  8
0
  6
Continuous
 62
     7
370
    25
100
AcDbCircle
 10
-56.9709657065
 20
-30.1840040202
 30
0.0
 40
0.0500000000000043
  0
CIRCLE
  5
298
330
1F
100
AcDbEntity
  8
0
  6
Continuous
 62
     7
370
    25
100
AcDbCircle
 10
-56.9709657065
 20
-30.3840040202
 30
0.0
 40
0.0500000000000185
  0
CIRCLE
  5
299
330
1F
100
AcDbEntity
  8
0
  6
Continuous
 62
     7
370
    25
100
AcDbCircle
 10
-56.9709657065
 20
-29.7840040202
 30
0.0
 40
0.0500000000000185
  0
CIRCLE
  5
29A
330
1F
100
AcDbEntity
  8
0
  6
Continuous
 62
     7
370
    25
100
AcDbCircle
 10
-56.7709657065
 20
-32.3840040202
 30
0.0
 40
0.0499999999999972
  0
CIRCLE
  5
29B
330
1F
100
AcDbEntity
  8
0
  6
Continuous
 62
     7
370
    25
100
AcDbCircle
 10
-56.9709657065
 20
-29.3840040202
 30
0.0
 40
0.0500000000000043
  0
CIRCLE
  5
29C
330
1F
100
AcDbEntity
  8
0
  6
Continuous
 62
     7
370
    25
100
AcDbCircle
 10
-56.9709657065
 20
-29.5840040202
 30
0.0
 40
0.0500000000000043
  0
CIRCLE
  5
29D
330
1F
100
AcDbEntity
  8
0
  6
Continuous
 62
     7
370
    25
100
AcDbCircle
 10
-56.7709657065
 20
-32.9840040202
 30
0.0
 40
0.0500000000000043
  0
CIRCLE
  5
29E
330
1F
100
AcDbEntity
  8
0
  6
Continuous
 62
     7
370
    25
100
AcDbCircle
 10
-56.5709657065
 20
-32.3840040202
 30
0.0
 40
0.0500000000000043
  0
CIRCLE
  5
29F
330
1F
100
AcDbEntity
  8
0
  6
Continuous
 62
     7
370
    25
100
AcDbCircle
 10
-56.7709657065
 20
-32.5840040202
 30
0.0
 40
0.0499999999999972
  0
CIRCLE
  5
2A0
330
1F
100
AcDbEntity
  8
0
  6
Continuous
 62
     7
370
    25
100
AcDbCircle
 10
-56.7709657065
 20
-32.7840040202
 30
0.0
 40
0.0499999999999972
  0
CIRCLE
  5
2A1
330
1F
100
AcDbEntity
  8
0
  6
Continuous
 62
     7
370
    25
100
AcDbCircle
 10
-56.7709657065
 20
-32.1840040202
 30
0.0
 40
0.0499999999999972
  0
CIRCLE
  5
2A2
330
1F
100
AcDbEntity
  8
0
  6
Continuous
 62
     7
370
    25
100
AcDbCircle
 10
-56.7709657065
 20
-30.7840040202
 30
0.0
 40
0.0499999999999972
  0
CIRCLE
  5
2A3
330
1F
100
AcDbEntity
  8
0
  6
Continuous
 62
     7
370
    25
100
AcDbCircle
 10
-56.7709657065
 20
-31.7840040202
 30
0.0
 40
0.0500000000000114
  0
CIRCLE
  5
2A4
330
1F
100
AcDbEntity
  8
0
  6
Continuous
 62
     7
370
    25
100
AcDbCircle
 10
-56.7709657065
 20
-31.9840040202
 30
0.0
 40
0.0500000000000043
  0
CIRCLE
  5
2A5
330
1F
100
AcDbEntity
  8
0
  6
Continuous
 62
     7
370
    25
100
AcDbCircle
 10
-56.7709657065
 20
-31.3840040202
 30
0.0
 40
0.0500000000000114
  0
CIRCLE
  5
2A6
330
1F
100
AcDbEntity
  8
0
  6
Continuous
 62
     7
370
    25
100
AcDbCircle
 10
-56.7709657065
 20
-33.1840040202
 30
0.0
 40
0.0500000000000043
  0
CIRCLE
  5
2A7
330
1F
100
AcDbEntity
  8
0
  6
Continuous
 62
     7
370
    25
100
AcDbCircle
 10
-56.7709657065
 20
-30.9840040202
 30
0.0
 40
0.0499999999999972
  0
CIRCLE
  5
2A8
330
1F
100
AcDbEntity
  8
0
  6
Continuous
 62
     7
370
    25
100
AcDbCircle
 10
-56.7709657065
 20
-31.1840040202
 30
0.0
 40
0.0499999999999972
  0
CIRCLE
  5
2A9
330
1F
100
AcDbEntity
  8
0
  6
Continuous
 62
     7
370
    25
100
AcDbCircle
 10
-56.7709657065
 20
-30.5840040202
 30
0.0
 40
0.0499999999999972
  0
CIRCLE
  5
2AA
330
1F
100
AcDbEntity
  8
0
  6
Continuous
 62
     7
370
    25
100
AcDbCircle
 10
-56.5709657065
 20
-33.1840040202
 30
0.0
 40
0.0500000000000043
  0
CIRCLE
  5
2AB
330
1F
100
AcDbEntity
  8
0
  6
Continuous
 62
     7
370
    25
100
AcDbCircle
 10
-56.7709657065
 20
-30.1840040202
 30
0.0
 40
0.0499999999999972
  0
CIRCLE
  5
2AC
330
1F
100
AcDbEntity
  8
0
  6
Continuous
 62
     7
370
    25
100
AcDbCircle
 10
-56.7709657065
 20
-30.3840040202
 30
0.0
 40
0.0499999999999972
  0
CIRCLE
  5
2AD
330
1F
100
AcDbEntity
  8
0
  6
Continuous
 62
     7
370
    25
100
AcDbCircle
 10
-56.7709657065
 20
-29.7840040202
 30
0.0
 40
0.0499999999999972
  0
CIRCLE
  5
2AE
330
1F
100
AcDbEntity
  8
0
  6
Continuous
 62
     7
370
    25
100
AcDbCircle
 10
-56.5709657065
 20
-32.9840040202
 30
0.0
 40
0.0500000000000043
  0
CIRCLE
  5
2AF
330
1F
100
AcDbEntity
  8
0
  6
Continuous
 62
     7
370
    25
100
AcDbCircle
 10
-56.7709657065
 20
-29.5840040202
 30
0.0
 40
0.0500000000000043
  0
CIRCLE
  5
2B0
330
1F
100
AcDbEntity
  8
0
  6
Continuous
 62
     7
370
    25
100
AcDbCircle
 10
-56.7709657065
 20
-29.3840040202
 30
0.0
 40
0.0500000000000043
  0
CIRCLE
  5
2B1
330
1F
100
AcDbEntity
  8
0
  6
Continuous
 62
     7
370
    25
100
AcDbCircle
 10
-54.9709657065
 20
-29.1840040202
 30
0.0
 40
0.0500000000000114
  0
CIRCLE
  5
2B2
330
1F
100
AcDbEntity
  8
0
  6
Continuous
 62
     7
370
    25
100
AcDbCircle
 10
-56.5709657065
 20
-31.5840040202
 30
0.0
 40
0.0499999999999972
  0
CIRCLE
  5
2B3
330
1F
100
AcDbEntity
  8
0
  6
Continuous
 62
     7
370
    25
100
AcDbCircle
 10
-56.5709657065
 20
-32.5840040202
 30
0.0
 40
0.0500000000000043
  0
CIRCLE
  5
2B4
330
1F
100
AcDbEntity
  8
0
  6
Continuous
 62
     7
370
    25
100
AcDbCircle
 10
-56.5709657065
 20
-32.7840040202
 30
0.0
 40
0.0500000000000043
  0
CIRCLE
  5
2B5
330
1F
100
AcDbEntity
  8
0
  6
Continuous
 62
     7
370
    25
100
AcDbCircle
 10
-56.5709657065
 20
-32.1840040202
 30
0.0
 40
0.0500000000000043
  0
CIRCLE
  5
2B6
330
1F
100
AcDbEntity
  8
0
  6
Continuous
 62
     7
370
    25
100
AcDbCircle
 10
-56.7709657065
 20
-29.9840040202
 30
0.0
 40
0.0499999999999972
  0
CIRCLE
  5
2B7
330
1F
100
AcDbEntity
  8
0
  6
Continuous
 62
     7
370
    25
100
AcDbCircle
 10
-56.5709657065
 20
-31.7840040202
 30
0.0
 40
0.0500000000000114
  0
CIRCLE
  5
2B8
330
1F
100
AcDbEntity
  8
0
  6
Continuous
 62
     7
370
    25
100
AcDbCircle
 10
-56.5709657065
 20
-31.9840040202
 30
0.0
 40
0.0499999999999972
  0
CIRCLE
  5
2B9
330
1F
100
AcDbEntity
  8
0
  6
Continuous
 62
     7
370
    25
100
AcDbCircle
 10
-56.5709657065
 20
-31.3840040202
 30
0.0
 40
0.0499999999999972
  0
CIRCLE
  5
2BA
330
1F
100
AcDbEntity
  8
0
  6
Continuous
 62
     7
370
    25
100
AcDbCircle
 10
-56.5709657065
 20
-29.9840040202
 30
0.0
 40
0.0499999999999972
  0
CIRCLE
  5
2BB
330
1F
100
AcDbEntity
  8
0
  6
Continuous
 62
     7
370
    25
100
AcDbCircle
 10
-56.5709657065
 20
-30.9840040202
 30
0.0
 40
0.0500000000000043
  0
CIRCLE
  5
2BC
330
1F
100
AcDbEntity
  8
0
  6
Continuous
 62
     7
370
    25
100
AcDbCircle
 10
-56.5709657065
 20
-31.1840040202
 30
0.0
 40
0.0500000000000114
  0
CIRCLE
  5
2BD
330
1F
100
AcDbEntity
  8
0
  6
Continuous
 62
     7
370
    25
100
AcDbCircle
 10
-56.5709657065
 20
-30.5840040202
 30
0.0
 40
0.0500000000000114
  0
CIRCLE
  5
2BE
330
1F
100
AcDbEntity
  8
0
  6
Continuous
 62
     7
370
    25
100
AcDbCircle
 10
-56.3709657065
 20
-29.9840040202
 30
0.0
 40
0.0500000000000114
  0
CIRCLE
  5
2BF
330
1F
100
AcDbEntity
  8
0
  6
Continuous
 62
     7
370
    25
100
AcDbCircle
 10
-56.5709657065
 20
-30.1840040202
 30
0.0
 40
0.0500000000000043
  0
CIRCLE
  5
2C0
330
1F
100
AcDbEntity
  8
0
  6
Continuous
 62
     7
370
    25
100
AcDbCircle
 10
-56.5709657065
 20
-30.3840040202
 30
0.0
 40
0.0499999999999972
  0
CIRCLE
  5
2C1
330
1F
100
AcDbEntity
  8
0
  6
Continuous
 62
     7
370
    25
100
AcDbCircle
 10
-56.5709657065
 20
-29.7840040202
 30
0.0
 40
0.0499999999999972
  0
CIRCLE
  5
2C2
330
1F
100
AcDbEntity
  8
0
  6
Continuous
 62
     7
370
    25
100
AcDbCircle
 10
-56.3709657065
 20
-32.3840040202
 30
0.0
 40
0.0500000000000114
  0
CIRCLE
  5
2C3
330
1F
100
AcDbEntity
  8
0
  6
Continuous
 62
     7
370
    25
100
AcDbCircle
 10
-56.5709657065
 20
-29.3840040202
 30
0.0
 40
0.0499999999999901
  0
CIRCLE
  5
2C4
330
1F
100
AcDbEntity
  8
0
  6
Continuous
 62
     7
370
    25
100
AcDbCircle
 10
-56.5709657065
 20
-29.5840040202
 30
0.0
 40
0.0499999999999972
  0
CIRCLE
  5
2C5
330
1F
100
AcDbEntity
  8
0
  6
Continuous
 62
     7
370
    25
100
AcDbCircle
 10
-56.3709657065
 20
-32.9840040202
 30
0.0
 40
0.0499999999999972
  0
CIRCLE
  5
2C6
330
1F
100
AcDbEntity
  8
0
  6
Continuous
 62
     7
370
    25
100
AcDbCircle
 10
-56.5709657065
 20
-30.7840040202
 30
0.0
 40
0.0500000000000114
  0
CIRCLE
  5
2C7
330
1F
100
AcDbEntity
  8
0
  6
Continuous
 62
     7
370
    25
100
AcDbCircle
 10
-56.3709657065
 20
-32.5840040202
 30
0.0
 40
0.0500000000000114
  0
CIRCLE
  5
2C8
330
1F
100
AcDbEntity
  8
0
  6
Continuous
 62
     7
370
    25
100
AcDbCircle
 10
-56.3709657065
 20
-32.7840040202
 30
0.0
 40
0.0500000000000043
  0
CIRCLE
  5
2C9
330
1F
100
AcDbEntity
  8
0
  6
Continuous
 62
     7
370
    25
100
AcDbCircle
 10
-56.3709657065
 20
-32.1840040202
 30
0.0
 40
0.0500000000000114
  0
CIRCLE
  5
2CA
330
1F
100
AcDbEntity
  8
0
  6
Continuous
 62
     7
370
    25
100
AcDbCircle
 10
-56.3709657065
 20
-30.7840040202
 30
0.0
 40
0.0499999999999972
  0
CIRCLE
  5
2CB
330
1F
100
AcDbEntity
  8
0
  6
Continuous
 62
     7
370
    25
100
AcDbCircle
 10
-56.3709657065
 20
-31.7840040202
 30
0.0
 40
0.0499999999999972
  0
CIRCLE
  5
2CC
330
1F
100
AcDbEntity
  8
0
  6
Continuous
 62
     7
370
    25
100
AcDbCircle
 10
-56.3709657065
 20
-31.9840040202
 30
0.0
 40
0.0500000000000043
  0
CIRCLE
  5
2CD
330
1F
100
AcDbEntity
  8
0
  6
Continuous
 62
     7
370
    25
100
AcDbCircle
 10
-56.3709657065
 20
-31.3840040202
 30
0.0
 40
0.0500000000000043
  0
CIRCLE
  5
2CE
330
1F
100
AcDbEntity
  8
0
  6
Continuous
 62
     7
370
    25
100
AcDbCircle
 10
-56.7709657065
 20
-31.5840040202
 30
0.0
 40
0.0500000000000114
  0
CIRCLE
  5
2CF
330
1F
100
AcDbEntity
  8
0
  6
Continuous
 62
     7
370
    25
100
AcDbCircle
 10
-56.3709657065
 20
-30.9840040202
 30
0.0
 40
0.0499999999999972
  0
CIRCLE
  5
2D0
330
1F
100
AcDbEntity
  8
0
  6
Continuous
 62
     7
370
    25
100
AcDbCircle
 10
-56.3709657065
 20
-31.1840040202
 30
0.0
 40
0.0499999999999972
  0
CIRCLE
  5
2D1
330
1F
100
AcDbEntity
  8
0
  6
Continuous
 62
     7
370
    25
100
AcDbCircle
 10
-56.3709657065
 20
-30.5840040202
 30
0.0
 40
0.0499999999999972
  0
CIRCLE
  5
2D2
330
1F
100
AcDbEntity
  8
0
  6
Continuous
 62
     7
370
    25
100
AcDbCircle
 10
-56.1709657065
 20
-33.1840040202
 30
0.0
 40
0.0500000000000043
  0
CIRCLE
  5
2D3
330
1F
100
AcDbEntity
  8
0
  6
Continuous
 62
     7
370
    25
100
AcDbCircle
 10
-56.3709657065
 20
-30.1840040202
 30
0.0
 40
0.0500000000000114
  0
CIRCLE
  5
2D4
330
1F
100
AcDbEntity
  8
0
  6
Continuous
 62
     7
370
    25
100
AcDbCircle
 10
-56.3709657065
 20
-30.3840040202
 30
0.0
 40
0.0500000000000114
  0
CIRCLE
  5
2D5
330
1F
100
AcDbEntity
  8
0
  6
Continuous
 62
     7
370
    25
100
AcDbCircle
 10
-56.3709657065
 20
-29.7840040202
 30
0.0
 40
0.0500000000000114
  0
CIRCLE
  5
2D6
330
1F
100
AcDbEntity
  8
0
  6
Continuous
 62
     7
370
    25
100
AcDbCircle
 10
-56.3709657065
 20
-31.5840040202
 30
0.0
 40
0.0500000000000043
  0
CIRCLE
  5
2D7
330
1F
100
AcDbEntity
  8
0
  6
Continuous
 62
     7
370
    25
100
AcDbCircle
 10
-56.3709657065
 20
-29.3840040202
 30
0.0
 40
0.0500000000000043
  0
CIRCLE
  5
2D8
330
1F
100
AcDbEntity
  8
0
  6
Continuous
 62
     7
370
    25
100
AcDbCircle
 10
-56.3709657065
 20
-29.5840040202
 30
0.0
 40
0.0500000000000043
  0
CIRCLE
  5
2D9
330
1F
100
AcDbEntity
  8
0
  6
Continuous
 62
     7
370
    25
100
AcDbCircle
 10
-56.1709657065
 20
-32.9840040202
 30
0.0
 40
0.0499999999999972
  0
CIRCLE
  5
2DA
330
1F
100
AcDbEntity
  8
0
  6
Continuous
 62
     7
370
    25
100
AcDbCircle
 10
-56.1709657065
 20
-31.1840040202
 30
0.0
 40
0.0500000000000114
  0
CIRCLE
  5
2DB
330
1F
100
AcDbEntity
  8
0
  6
Continuous
 62
     7
370
    25
100
AcDbCircle
 10
-56.1709657065
 20
-30.5840040202
 30
0.0
 40
0.0500000000000114
  0
CIRCLE
  5
2DC
330
1F
100
AcDbEntity
  8
0
  6
Continuous
 62
     7
370
    25
100
AcDbCircle
 10
-56.1709657065
 20
-30.7840040202
 30
0.0
 40
0.0499999999999972
  0
CIRCLE
  5
2DD
330
1F
100
AcDbEntity
  8
0
  6
Continuous
 62
     7
370
    25
100
AcDbCircle
 10
-55.7709657065
 20
-30.1840040202
 30
0.0
 40
0.0500000000000043
  0
CIRCLE
  5
2DE
330
1F
100
AcDbEntity
  8
0
  6
Continuous
 62
     7
370
    25
100
AcDbCircle
 10
-56.1709657065
 20
-30.3840040202
 30
0.0
 40
0.0499999999999972
  0
CIRCLE
  5
2DF
330
1F
100
AcDbEntity
  8
0
  6
Continuous
 62
     7
370
    25
100
AcDbCircle
 10
-56.1709657065
 20
-29.7840040202
 30
0.0
 40
0.0499999999999972
  0
CIRCLE
  5
2E0
330
1F
100
AcDbEntity
  8
0
  6
Continuous
 62
     7
370
    25
100
AcDbCircle
 10
-56.1709657065
 20
-29.9840040202
 30
0.0
 40
0.0499999999999972
  0
CIRCLE
  5
2E1
330
1F
100
AcDbEntity
  8
0
  6
Continuous
 62
     7
370
    25
100
AcDbCircle
 10
-56.1709657065
 20
-30.9840040202
 30
0.0
 40
0.0500000000000043
  0
CIRCLE
  5
2E2
330
1F
100
AcDbEntity
  8
0
  6
Continuous
 62
     7
370
    25
100
AcDbCircle
 10
-55.7709657065
 20
-31.1840040202
 30
0.0
 40
0.0500000000000043
  0
CIRCLE
  5
2E3
330
1F
100
AcDbEntity
  8
0
  6
Continuous
 62
     7
370
    25
100
AcDbCircle
 10
-55.7709657065
 20
-30.5840040202
 30
0.0
 40
0.0500000000000043
  0
CIRCLE
  5
2E4
330
1F
100
AcDbEntity
  8
0
  6
Continuous
 62
     7
370
    25
100
AcDbCircle
 10
-55.7709657065
 20
-30.7840040202
 30
0.0
 40
0.0500000000000043
  0
CIRCLE
  5
2E5
330
1F
100
AcDbEntity
  8
0
  6
Continuous
 62
     7
370
    25
100
AcDbCircle
 10
-55.5709657065
 20
-32.5840040202
 30
0.0
 40
0.0499999999999972
  0
CIRCLE
  5
2E6
330
1F
100
AcDbEntity
  8
0
  6
Continuous
 62
     7
370
    25
100
AcDbCircle
 10
-55.7709657065
 20
-30.3840040202
 30
0.0
 40
0.0500000000000043
  0
CIRCLE
  5
2E7
330
1F
100
AcDbEntity
  8
0
  6
Continuous
 62
     7
370
    25
100
AcDbCircle
 10
-55.7709657065
 20
-29.7840040202
 30
0.0
 40
0.0500000000000043
  0
CIRCLE
  5
2E8
330
1F
100
AcDbEntity
  8
0
  6
Continuous
 62
     7
370
    25
100
AcDbCircle
 10
-55.7709657065
 20
-29.9840040202
 30
0.0
 40
0.0500000000000043
  0
CIRCLE
  5
2E9
330
1F
100
AcDbEntity
  8
0
  6
Continuous
 62
     7
370
    25
100
AcDbCircle
 10
-55.7709657065
 20
-30.9840040202
 30
0.0
 40
0.0500000000000043
  0
CIRCLE
  5
2EA
330
1F
100
AcDbEntity
  8
0
  6
Continuous
 62
     7
370
    25
100
AcDbCircle
 10
-55.9709657065
 20
-31.9840040202
 30
0.0
 40
0.0499999999999972
  0
CIRCLE
  5
2EB
330
1F
100
AcDbEntity
  8
0
  6
Continuous
 62
     7
370
    25
100
AcDbCircle
 10
-55.9709657065
 20
-31.3840040202
 30
0.0
 40
0.0499999999999972
  0
CIRCLE
  5
2EC
330
1F
100
AcDbEntity
  8
0
  6
Continuous
 62
     7
370
    25
100
AcDbCircle
 10
-55.9709657065
 20
-31.5840040202
 30
0.0
 40
0.0499999999999972
  0
CIRCLE
  5
2ED
330
1F
100
AcDbEntity
  8
0
  6
Continuous
 62
     7
370
    25
100
AcDbCircle
 10
-56.1709657065
 20
-31.7840040202
 30
0.0
 40
0.0500000000000043
  0
CIRCLE
  5
2EE
330
1F
100
AcDbEntity
  8
0
  6
Continuous
 62
     7
370
    25
100
AcDbCircle
 10
-55.9709657065
 20
-31.1840040202
 30
0.0
 40
0.0500000000000043
  0
CIRCLE
  5
2EF
330
1F
100
AcDbEntity
  8
0
  6
Continuous
 62
     7
370
    25
100
AcDbCircle
 10
-55.9709657065
 20
-30.5840040202
 30
0.0
 40
0.0500000000000043
  0
CIRCLE
  5
2F0
330
1F
100
AcDbEntity
  8
0
  6
Continuous
 62
     7
370
    25
100
AcDbCircle
 10
-55.9709657065
 20
-30.7840040202
 30
0.0
 40
0.0500000000000043
  0
CIRCLE
  5
2F1
330
1F
100
AcDbEntity
  8
0
  6
Continuous
 62
     7
370
    25
100
AcDbCircle
 10
-55.9709657065
 20
-31.7840040202
 30
0.0
 40
0.0499999999999972
  0
CIRCLE
  5
2F2
330
1F
100
AcDbEntity
  8
0
  6
Continuous
 62
     7
370
    25
100
AcDbCircle
 10
-56.1709657065
 20
-32.7840040202
 30
0.0
 40
0.0499999999999972
  0
CIRCLE
  5
2F3
330
1F
100
AcDbEntity
  8
0
  6
Continuous
 62
     7
370
    25
100
AcDbCircle
 10
-56.1709657065
 20
-32.1840040202
 30
0.0
 40
0.0499999999999972
  0
CIRCLE
  5
2F4
330
1F
100
AcDbEntity
  8
0
  6
Continuous
 62
     7
370
    25
100
AcDbCircle
 10
-56.1709657065
 20
-32.3840040202
 30
0.0
 40
0.0499999999999972
  0
CIRCLE
  5
2F5
330
1F
100
AcDbEntity
  8
0
  6
Continuous
 62
     7
370
    25
100
AcDbCircle
 10
-56.1709657065
 20
-30.1840040202
 30
0.0
 40
0.0499999999999972
  0
CIRCLE
  5
2F6
330
1F
100
AcDbEntity
  8
0
  6
Continuous
 62
     7
370
    25
100
AcDbCircle
 10
-56.1709657065
 20
-31.9840040202
 30
0.0
 40
0.0500000000000043
  0
CIRCLE
  5
2F7
330
1F
100
AcDbEntity
  8
0
  6
Continuous
 62
     7
370
    25
100
AcDbCircle
 10
-56.1709657065
 20
-31.3840040202
 30
0.0
 40
0.0500000000000043
  0
CIRCLE
  5
2F8
330
1F
100
AcDbEntity
  8
0
  6
Continuous
 62
     7
370
    25
100
AcDbCircle
 10
-56.1709657065
 20
-31.5840040202
 30
0.0
 40
0.0500000000000114
  0
CIRCLE
  5
2F9
330
1F
100
AcDbEntity
  8
0
  6
Continuous
 62
     7
370
    25
100
AcDbCircle
 10
-56.1709657065
 20
-32.5840040202
 30
0.0
 40
0.0499999999999972
  0
CIRCLE
  5
2FA
330
1F
100
AcDbEntity
  8
0
  6
Continuous
 62
     7
370
    25
100
AcDbCircle
 10
-55.7709657065
 20
-32.7840040202
 30
0.0
 40
0.0499999999999972
  0
CIRCLE
  5
2FB
330
1F
100
AcDbEntity
  8
0
  6
Continuous
 62
     7
370
    25
100
AcDbCircle
 10
-55.7709657065
 20
-32.1840040202
 30
0.0
 40
0.0499999999999972
  0
CIRCLE
  5
2FC
330
1F
100
AcDbEntity
  8
0
  6
Continuous
 62
     7
370
    25
100
AcDbCircle
 10
-55.7709657065
 20
-32.3840040202
 30
0.0
 40
0.0499999999999972
  0
CIRCLE
  5
2FD
330
1F
100
AcDbEntity
  8
0
  6
Continuous
 62
     7
370
    25
100
AcDbCircle
 10
-56.9709657065
 20
-25.3840040202
 30
0.0
 40
0.0500000000000043
  0
CIRCLE
  5
2FE
330
1F
100
AcDbEntity
  8
0
  6
Continuous
 62
     7
370
    25
100
AcDbCircle
 10
-55.7709657065
 20
-31.9840040202
 30
0.0
 40
0.0500000000000114
  0
CIRCLE
  5
2FF
330
1F
100
AcDbEntity
  8
0
  6
Continuous
 62
     7
370
    25
100
AcDbCircle
 10
-55.7709657065
 20
-31.3840040202
 30
0.0
 40
0.0500000000000114
  0
CIRCLE
  5
300
330
1F
100
AcDbEntity
  8
0
  6
Continuous
 62
     7
370
    25
100
AcDbCircle
 10
-55.7709657065
 20
-31.5840040202
 30
0.0
 40
0.0500000000000043
  0
CIRCLE
  5
301
330
1F
100
AcDbEntity
  8
0
  6
Continuous
 62
     7
370
    25
100
AcDbCircle
 10
-55.7709657065
 20
-32.5840040202
 30
0.0
 40
0.0499999999999972
  0
CIRCLE
  5
302
330
1F
100
AcDbEntity
  8
0
  6
Continuous
 62
     7
370
    25
100
AcDbCircle
 10
-56.9709657065
 20
-26.3840040202
 30
0.0
 40
0.0500000000000043
  0
CIRCLE
  5
303
330
1F
100
AcDbEntity
  8
0
  6
Continuous
 62
     7
370
    25
100
AcDbCircle
 10
-56.9709657065
 20
-25.7840040202
 30
0.0
 40
0.0500000000000043
  0
CIRCLE
  5
304
330
1F
100
AcDbEntity
  8
0
  6
Continuous
 62
     7
370
    25
100
AcDbCircle
 10
-56.9709657065
 20
-25.9840040202
 30
0.0
 40
0.0500000000000043
  0
CIRCLE
  5
305
330
1F
100
AcDbEntity
  8
0
  6
Continuous
 62
     7
370
    25
100
AcDbCircle
 10
-57.1709657065
 20
-27.7840040202
 30
0.0
 40
0.0500000000000043
  0
CIRCLE
  5
306
330
1F
100
AcDbEntity
  8
0
  6
Continuous
 62
     7
370
    25
100
AcDbCircle
 10
-56.9709657065
 20
-25.5840040202
 30
0.0
 40
0.0500000000000114
  0
CIRCLE
  5
307
330
1F
100
AcDbEntity
  8
0
  6
Continuous
 62
     7
370
    25
100
AcDbCircle
 10
-57.1709657065
 20
-28.9840040202
 30
0.0
 40
0.0500000000000114
  0
CIRCLE
  5
308
330
1F
100
AcDbEntity
  8
0
  6
Continuous
 62
     7
370
    25
100
AcDbCircle
 10
-56.9709657065
 20
-25.1840040202
 30
0.0
 40
0.0500000000000043
  0
CIRCLE
  5
309
330
1F
100
AcDbEntity
  8
0
  6
Continuous
 62
     7
370
    25
100
AcDbCircle
 10
-56.9709657065
 20
-26.1840040202
 30
0.0
 40
0.0500000000000114
  0
CIRCLE
  5
30A
330
1F
100
AcDbEntity
  8
0
  6
Continuous
 62
     7
370
    25
100
AcDbCircle
 10
-55.7709657065
 20
-29.5840040202
 30
0.0
 40
0.0500000000000043
  0
CIRCLE
  5
30B
330
1F
100
AcDbEntity
  8
0
  6
Continuous
 62
     7
370
    25
100
AcDbCircle
 10
-55.5709657065
 20
-32.9840040202
 30
0.0
 40
0.0500000000000114
  0
CIRCLE
  5
30C
330
1F
100
AcDbEntity
  8
0
  6
Continuous
 62
     7
370
    25
100
AcDbCircle
 10
-55.5709657065
 20
-33.1840040202
 30
0.0
 40
0.0500000000000043
  0
CIRCLE
  5
30D
330
1F
100
AcDbEntity
  8
0
  6
Continuous
 62
     7
370
    25
100
AcDbCircle
 10
-55.9709657065
 20
-29.3840040202
 30
0.0
 40
0.0500000000000043
  0
CIRCLE
  5
30E
330
1F
100
AcDbEntity
  8
0
  6
Continuous
 62
     7
370
    25
100
AcDbCircle
 10
-55.5709657065
 20
-32.7840040202
 30
0.0
 40
0.0499999999999972
  0
CIRCLE
  5
30F
330
1F
100
AcDbEntity
  8
0
  6
Continuous
 62
     7
370
    25
100
AcDbCircle
 10
-55.5709657065
 20
-32.1840040202
 30
0.0
 40
0.0500000000000043
  0
CIRCLE
  5
310
330
1F
100
AcDbEntity
  8
0
  6
Continuous
 62
     7
370
    25
100
AcDbCircle
 10
-55.5709657065
 20
-32.3840040202
 30
0.0
 40
0.0499999999999972
  0
CIRCLE
  5
311
330
1F
100
AcDbEntity
  8
0
  6
Continuous
 62
     7
370
    25
100
AcDbCircle
 10
-55.7709657065
 20
-29.3840040202
 30
0.0
 40
0.0500000000000043
  0
CIRCLE
  5
312
330
1F
100
AcDbEntity
  8
0
  6
Continuous
 62
     7
370
    25
100
AcDbCircle
 10
-55.9709657065
 20
-30.3840040202
 30
0.0
 40
0.0500000000000043
  0
CIRCLE
  5
313
330
1F
100
AcDbEntity
  8
0
  6
Continuous
 62
     7
370
    25
100
AcDbCircle
 10
-55.9709657065
 20
-29.7840040202
 30
0.0
 40
0.0500000000000043
  0
CIRCLE
  5
314
330
1F
100
AcDbEntity
  8
0
  6
Continuous
 62
     7
370
    25
100
AcDbCircle
 10
-55.9709657065
 20
-29.9840040202
 30
0.0
 40
0.0500000000000043
  0
CIRCLE
  5
315
330
1F
100
AcDbEntity
  8
0
  6
Continuous
 62
     7
370
    25
100
AcDbCircle
 10
-55.7709657065
 20
-31.7840040202
 30
0.0
 40
0.0500000000000114
  0
CIRCLE
  5
316
330
1F
100
AcDbEntity
  8
0
  6
Continuous
 62
     7
370
    25
100
AcDbCircle
 10
-55.9709657065
 20
-29.5840040202
 30
0.0
 40
0.0500000000000043
  0
CIRCLE
  5
317
330
1F
100
AcDbEntity
  8
0
  6
Continuous
 62
     7
370
    25
100
AcDbCircle
 10
-55.7709657065
 20
-32.9840040202
 30
0.0
 40
0.0500000000000043
  0
CIRCLE
  5
318
330
1F
100
AcDbEntity
  8
0
  6
Continuous
 62
     7
370
    25
100
AcDbCircle
 10
-55.7709657065
 20
-33.1840040202
 30
0.0
 40
0.0500000000000043
  0
CIRCLE
  5
319
330
1F
100
AcDbEntity
  8
0
  6
Continuous
 62
     7
370
    25
100
AcDbCircle
 10
-55.9709657065
 20
-30.1840040202
 30
0.0
 40
0.0500000000000043
  0
CIRCLE
  5
31A
330
1F
100
AcDbEntity
  8
0
  6
Continuous
 62
     7
370
    25
100
AcDbCircle
 10
-55.5709657065
 20
-30.7840040202
 30
0.0
 40
0.0500000000000043
  0
CIRCLE
  5
31B
330
1F
100
AcDbEntity
  8
0
  6
Continuous
 62
     7
370
    25
100
AcDbCircle
 10
-55.5709657065
 20
-31.7840040202
 30
0.0
 40
0.0500000000000043
  0
CIRCLE
  5
31C
330
1F
100
AcDbEntity
  8
0
  6
Continuous
 62
     7
370
    25
100
AcDbCircle
 10
-55.5709657065
 20
-31.9840040202
 30
0.0
 40
0.0500000000000043
  0
CIRCLE
  5
31D
330
1F
100
AcDbEntity
  8
0
  6
Continuous
 62
     7
370
    25
100
AcDbCircle
 10
-55.5709657065
 20
-31.3840040202
 30
0.0
 40
0.0500000000000043
  0
CIRCLE
  5
31E
330
1F
100
AcDbEntity
  8
0
  6
Continuous
 62
     7
370
    25
100
AcDbCircle
 10
-55.3709657065
 20
-30.7840040202
 30
0.0
 40
0.0500000000000043
  0
CIRCLE
  5
31F
330
1F
100
AcDbEntity
  8
0
  6
Continuous
 62
     7
370
    25
100
AcDbCircle
 10
-55.5709657065
 20
-30.9840040202
 30
0.0
 40
0.0500000000000043
  0
CIRCLE
  5
320
330
1F
100
AcDbEntity
  8
0
  6
Continuous
 62
     7
370
    25
100
AcDbCircle
 10
-55.5709657065
 20
-31.1840040202
 30
0.0
 40
0.0500000000000114
  0
CIRCLE
  5
321
330
1F
100
AcDbEntity
  8
0
  6
Continuous
 62
     7
370
    25
100
AcDbCircle
 10
-55.5709657065
 20
-30.5840040202
 30
0.0
 40
0.0500000000000114
  0
CIRCLE
  5
322
330
1F
100
AcDbEntity
  8
0
  6
Continuous
 62
     7
370
    25
100
AcDbCircle
 10
-55.3709657065
 20
-33.1840040202
 30
0.0
 40
0.0499999999999972
  0
CIRCLE
  5
323
330
1F
100
AcDbEntity
  8
0
  6
Continuous
 62
     7
370
    25
100
AcDbCircle
 10
-55.5709657065
 20
-30.1840040202
 30
0.0
 40
0.0500000000000043
  0
CIRCLE
  5
324
330
1F
100
AcDbEntity
  8
0
  6
Continuous
 62
     7
370
    25
100
AcDbCircle
 10
-55.5709657065
 20
-30.3840040202
 30
0.0
 40
0.0499999999999972
  0
CIRCLE
  5
325
330
1F
100
AcDbEntity
  8
0
  6
Continuous
 62
     7
370
    25
100
AcDbCircle
 10
-55.5709657065
 20
-29.7840040202
 30
0.0
 40
0.0500000000000043
  0
CIRCLE
  5
326
330
1F
100
AcDbEntity
  8
0
  6
Continuous
 62
     7
370
    25
100
AcDbCircle
 10
-55.5709657065
 20
-31.5840040202
 30
0.0
 40
0.0500000000000043
  0
CIRCLE
  5
327
330
1F
100
AcDbEntity
  8
0
  6
Continuous
 62
     7
370
    25
100
AcDbCircle
 10
-55.5709657065
 20
-29.3840040202
 30
0.0
 40
0.0500000000000043
  0
CIRCLE
  5
328
330
1F
100
AcDbEntity
  8
0
  6
Continuous
 62
     7
370
    25
100
AcDbCircle
 10
-55.5709657065
 20
-29.5840040202
 30
0.0
 40
0.0500000000000043
  0
CIRCLE
  5
329
330
1F
100
AcDbEntity
  8
0
  6
Continuous
 62
     7
370
    25
100
AcDbCircle
 10
-55.3709657065
 20
-32.9840040202
 30
0.0
 40
0.0500000000000114
  0
CIRCLE
  5
32A
330
1F
100
AcDbEntity
  8
0
  6
Continuous
 62
     7
370
    25
100
AcDbCircle
 10
-55.3709657065
 20
-31.5840040202
 30
0.0
 40
0.0500000000000043
  0
CIRCLE
  5
32B
330
1F
100
AcDbEntity
  8
0
  6
Continuous
 62
     7
370
    25
100
AcDbCircle
 10
-55.3709657065
 20
-32.5840040202
 30
0.0
 40
0.0500000000000043
  0
CIRCLE
  5
32C
330
1F
100
AcDbEntity
  8
0
  6
Continuous
 62
     7
370
    25
100
AcDbCircle
 10
-55.3709657065
 20
-32.7840040202
 30
0.0
 40
0.0500000000000043
  0
CIRCLE
  5
32D
330
1F
100
AcDbEntity
  8
0
  6
Continuous
 62
     7
370
    25
100
AcDbCircle
 10
-55.3709657065
 20
-32.1840040202
 30
0.0
 40
0.0500000000000043
  0
CIRCLE
  5
32E
330
1F
100
AcDbEntity
  8
0
  6
Continuous
 62
     7
370
    25
100
AcDbCircle
 10
-57.1709657065
 20
-29.9840040202
 30
0.0
 40
0.0500000000000043
  0
CIRCLE
  5
32F
330
1F
100
AcDbEntity
  8
0
  6
Continuous
 62
     7
370
    25
100
AcDbCircle
 10
-55.3709657065
 20
-31.7840040202
 30
0.0
 40
0.0500000000000043
  0
CIRCLE
  5
330
330
1F
100
AcDbEntity
  8
0
  6
Continuous
 62
     7
370
    25
100
AcDbCircle
 10
-55.3709657065
 20
-31.9840040202
 30
0.0
 40
0.0500000000000043
  0
CIRCLE
  5
331
330
1F
100
AcDbEntity
  8
0
  6
Continuous
 62
     7
370
    25
100
AcDbCircle
 10
-55.3709657065
 20
-31.3840040202
 30
0.0
 40
0.0500000000000043
  0
CIRCLE
  5
332
330
1F
100
AcDbEntity
  8
0
  6
Continuous
 62
     7
370
    25
100
AcDbCircle
 10
-55.3709657065
 20
-29.9840040202
 30
0.0
 40
0.0499999999999972
  0
CIRCLE
  5
333
330
1F
100
AcDbEntity
  8
0
  6
Continuous
 62
     7
370
    25
100
AcDbCircle
 10
-55.3709657065
 20
-30.9840040202
 30
0.0
 40
0.0500000000000043
  0
CIRCLE
  5
334
330
1F
100
AcDbEntity
  8
0
  6
Continuous
 62
     7
370
    25
100
AcDbCircle
 10
-55.3709657065
 20
-31.1840040202
 30
0.0
 40
0.0500000000000043
  0
CIRCLE
  5
335
330
1F
100
AcDbEntity
  8
0
  6
Continuous
 62
     7
370
    25
100
AcDbCircle
 10
-55.3709657065
 20
-30.5840040202
 30
0.0
 40
0.0500000000000043
  0
CIRCLE
  5
336
330
1F
100
AcDbEntity
  8
0
  6
Continuous
 62
     7
370
    25
100
AcDbCircle
 10
-55.3709657065
 20
-32.3840040202
 30
0.0
 40
0.0500000000000043
  0
CIRCLE
  5
337
330
1F
100
AcDbEntity
  8
0
  6
Continuous
 62
     7
370
    25
100
AcDbCircle
 10
-55.3709657065
 20
-30.1840040202
 30
0.0
 40
0.0499999999999972
  0
CIRCLE
  5
338
330
1F
100
AcDbEntity
  8
0
  6
Continuous
 62
     7
370
    25
100
AcDbCircle
 10
-55.3709657065
 20
-30.3840040202
 30
0.0
 40
0.0499999999999972
  0
CIRCLE
  5
339
330
1F
100
AcDbEntity
  8
0
  6
Continuous
 62
     7
370
    25
100
AcDbCircle
 10
-55.3709657065
 20
-29.7840040202
 30
0.0
 40
0.0499999999999972
  0
CIRCLE
  5
33A
330
1F
100
AcDbEntity
  8
0
  6
Continuous
 62
     7
370
    25
100
AcDbCircle
 10
-55.1709657065
 20
-31.9840040202
 30
0.0
 40
0.0500000000000043
  0
CIRCLE
  5
33B
330
1F
100
AcDbEntity
  8
0
  6
Continuous
 62
     7
370
    25
100
AcDbCircle
 10
-55.1709657065
 20
-31.3840040202
 30
0.0
 40
0.0500000000000043
  0
CIRCLE
  5
33C
330
1F
100
AcDbEntity
  8
0
  6
Continuous
 62
     7
370
    25
100
AcDbCircle
 10
-55.1709657065
 20
-31.5840040202
 30
0.0
 40
0.0500000000000043
  0
CIRCLE
  5
33D
330
1F
100
AcDbEntity
  8
0
  6
Continuous
 62
     7
370
    25
100
AcDbCircle
 10
-55.9709657065
 20
-32.5840040202
 30
0.0
 40
0.0499999999999972
  0
CIRCLE
  5
33E
330
1F
100
AcDbEntity
  8
0
  6
Continuous
 62
     7
370
    25
100
AcDbCircle
 10
-55.1709657065
 20
-31.1840040202
 30
0.0
 40
0.0500000000000043
  0
CIRCLE
  5
33F
330
1F
100
AcDbEntity
  8
0
  6
Continuous
 62
     7
370
    25
100
AcDbCircle
 10
-55.1709657065
 20
-30.5840040202
 30
0.0
 40
0.0500000000000043
  0
CIRCLE
  5
340
330
1F
100
AcDbEntity
  8
0
  6
Continuous
 62
     7
370
    25
100
AcDbCircle
 10
-55.1709657065
 20
-30.7840040202
 30
0.0
 40
0.0499999999999972
  0
CIRCLE
  5
341
330
1F
100
AcDbEntity
  8
0
  6
Continuous
 62
     7
370
    25
100
AcDbCircle
 10
-55.1709657065
 20
-31.7840040202
 30
0.0
 40
0.0500000000000043
  0
CIRCLE
  5
342
330
1F
100
AcDbEntity
  8
0
  6
Continuous
 62
     7
370
    25
100
AcDbCircle
 10
-56.1709657065
 20
-29.5840040202
 30
0.0
 40
0.0500000000000114
  0
CIRCLE
  5
343
330
1F
100
AcDbEntity
  8
0
  6
Continuous
 62
     7
370
    25
100
AcDbCircle
 10
-55.9709657065
 20
-32.9840040202
 30
0.0
 40
0.0500000000000043
  0
CIRCLE
  5
344
330
1F
100
AcDbEntity
  8
0
  6
Continuous
 62
     7
370
    25
100
AcDbCircle
 10
-55.9709657065
 20
-33.1840040202
 30
0.0
 40
0.0500000000000114
  0
CIRCLE
  5
345
330
1F
100
AcDbEntity
  8
0
  6
Continuous
 62
     7
370
    25
100
AcDbCircle
 10
-55.9709657065
 20
-30.9840040202
 30
0.0
 40
0.0500000000000043
  0
CIRCLE
  5
346
330
1F
100
AcDbEntity
  8
0
  6
Continuous
 62
     7
370
    25
100
AcDbCircle
 10
-55.9709657065
 20
-32.7840040202
 30
0.0
 40
0.0499999999999972
  0
CIRCLE
  5
347
330
1F
100
AcDbEntity
  8
0
  6
Continuous
 62
     7
370
    25
100
AcDbCircle
 10
-55.9709657065
 20
-32.1840040202
 30
0.0
 40
0.0500000000000043
  0
CIRCLE
  5
348
330
1F
100
AcDbEntity
  8
0
  6
Continuous
 62
     7
370
    25
100
AcDbCircle
 10
-55.9709657065
 20
-32.3840040202
 30
0.0
 40
0.0500000000000043
  0
CIRCLE
  5
349
330
1F
100
AcDbEntity
  8
0
  6
Continuous
 62
     7
370
    25
100
AcDbCircle
 10
-56.1709657065
 20
-29.3840040202
 30
0.0
 40
0.0500000000000114
  0
CIRCLE
  5
34A
330
1F
100
AcDbEntity
  8
0
  6
Continuous
 62
     7
370
    25
100
AcDbCircle
 10
-55.1709657065
 20
-30.3840040202
 30
0.0
 40
0.0500000000000043
  0
CIRCLE
  5
34B
330
1F
100
AcDbEntity
  8
0
  6
Continuous
 62
     7
370
    25
100
AcDbCircle
 10
-55.1709657065
 20
-29.7840040202
 30
0.0
 40
0.0500000000000043
  0
CIRCLE
  5
34C
330
1F
100
AcDbEntity
  8
0
  6
Continuous
 62
     7
370
    25
100
AcDbCircle
 10
-55.1709657065
 20
-29.9840040202
 30
0.0
 40
0.0500000000000043
  0
CIRCLE
  5
34D
330
1F
100
AcDbEntity
  8
0
  6
Continuous
 62
     7
370
    25
100
AcDbCircle
 10
-55.1709657065
 20
-32.5840040202
 30
0.0
 40
0.0500000000000043
  0
CIRCLE
  5
34E
330
1F
100
AcDbEntity
  8
0
  6
Continuous
 62
     7
370
    25
100
AcDbCircle
 10
-55.5709657065
 20
-29.9840040202
 30
0.0
 40
0.0500000000000043
  0
CIRCLE
  5
34F
330
1F
100
AcDbEntity
  8
0
  6
Continuous
 62
     7
370
    25
100
AcDbCircle
 10
-55.1709657065
 20
-29.3840040202
 30
0.0
 40
0.0499999999999972
  0
CIRCLE
  5
350
330
1F
100
AcDbEntity
  8
0
  6
Continuous
 62
     7
370
    25
100
AcDbCircle
 10
-55.1709657065
 20
-29.5840040202
 30
0.0
 40
0.0499999999999972
  0
CIRCLE
  5
351
330
1F
100
AcDbEntity
  8
0
  6
Continuous
 62
     7
370
    25
100
AcDbCircle
 10
-55.1709657065
 20
-30.1840040202
 30
0.0
 40
0.0500000000000043
  0
CIRCLE
  5
352
330
1F
100
AcDbEntity
  8
0
  6
Continuous
 62
     7
370
    25
100
AcDbCircle
 10
-55.3709657065
 20
-29.5840040202
 30
0.0
 40
0.0499999999999972
  0
CIRCLE
  5
353
330
1F
100
AcDbEntity
  8
0
  6
Continuous
 62
     7
370
    25
100
AcDbCircle
 10
-55.1709657065
 20
-32.9840040202
 30
0.0
 40
0.0500000000000043
  0
CIRCLE
  5
354
330
1F
100
AcDbEntity
  8
0
  6
Continuous
 62
     7
370
    25
100
AcDbCircle
 10
-55.1709657065
 20
-33.1840040202
 30
0.0
 40
0.0499999999999972
  0
CIRCLE
  5
355
330
1F
100
AcDbEntity
  8
0
  6
Continuous
 62
     7
370
    25
100
AcDbCircle
 10
-55.1709657065
 20
-30.9840040202
 30
0.0
 40
0.0500000000000043
  0
CIRCLE
  5
356
330
1F
100
AcDbEntity
  8
0
  6
Continuous
 62
     7
370
    25
100
AcDbCircle
 10
-55.1709657065
 20
-32.7840040202
 30
0.0
 40
0.0500000000000043
  0
CIRCLE
  5
357
330
1F
100
AcDbEntity
  8
0
  6
Continuous
 62
     7
370
    25
100
AcDbCircle
 10
-55.1709657065
 20
-32.1840040202
 30
0.0
 40
0.0500000000000043
  0
CIRCLE
  5
358
330
1F
100
AcDbEntity
  8
0
  6
Continuous
 62
     7
370
    25
100
AcDbCircle
 10
-55.1709657065
 20
-32.3840040202
 30
0.0
 40
0.0500000000000043
  0
CIRCLE
  5
359
330
1F
100
AcDbEntity
  8
0
  6
Continuous
 62
     7
370
    25
100
AcDbCircle
 10
-55.3709657065
 20
-29.3840040202
 30
0.0
 40
0.0500000000000043
  0
CIRCLE
  5
35A
330
1F
100
AcDbEntity
  8
0
  6
Continuous
 62
     7
370
    25
100
AcDbCircle
 10
-53.7709657065
 20
-26.1840040202
 30
0.0
 40
0.0500000000000043
  0
CIRCLE
  5
35B
330
1F
100
AcDbEntity
  8
0
  6
Continuous
 62
     7
370
    25
100
AcDbCircle
 10
-53.7709657065
 20
-26.7840040202
 30
0.0
 40
0.0500000000000043
  0
CIRCLE
  5
35C
330
1F
100
AcDbEntity
  8
0
  6
Continuous
 62
     7
370
    25
100
AcDbCircle
 10
-53.7709657065
 20
-26.5840040202
 30
0.0
 40
0.0500000000000043
  0
CIRCLE
  5
35D
330
1F
100
AcDbEntity
  8
0
  6
Continuous
 62
     7
370
    25
100
AcDbCircle
 10
-54.1709657065
 20
-27.1840040202
 30
0.0
 40
0.0500000000000043
  0
CIRCLE
  5
35E
330
1F
100
AcDbEntity
  8
0
  6
Continuous
 62
     7
370
    25
100
AcDbCircle
 10
-53.7709657065
 20
-26.9840040202
 30
0.0
 40
0.0500000000000043
  0
CIRCLE
  5
35F
330
1F
100
AcDbEntity
  8
0
  6
Continuous
 62
     7
370
    25
100
AcDbCircle
 10
-53.7709657065
 20
-27.5840040202
 30
0.0
 40
0.0500000000000043
  0
CIRCLE
  5
360
330
1F
100
AcDbEntity
  8
0
  6
Continuous
 62
     7
370
    25
100
AcDbCircle
 10
-53.7709657065
 20
-27.3840040202
 30
0.0
 40
0.0500000000000043
  0
CIRCLE
  5
361
330
1F
100
AcDbEntity
  8
0
  6
Continuous
 62
     7
370
    25
100
AcDbCircle
 10
-53.7709657065
 20
-26.3840040202
 30
0.0
 40
0.0500000000000043
  0
CIRCLE
  5
362
330
1F
100
AcDbEntity
  8
0
  6
Continuous
 62
     7
370
    25
100
AcDbCircle
 10
-54.1709657065
 20
-26.1840040202
 30
0.0
 40
0.0500000000000043
  0
CIRCLE
  5
363
330
1F
100
AcDbEntity
  8
0
  6
Continuous
 62
     7
370
    25
100
AcDbCircle
 10
-54.1709657065
 20
-26.7840040202
 30
0.0
 40
0.0500000000000043
  0
CIRCLE
  5
364
330
1F
100
AcDbEntity
  8
0
  6
Continuous
 62
     7
370
    25
100
AcDbCircle
 10
-54.1709657065
 20
-26.5840040202
 30
0.0
 40
0.0500000000000043
  0
CIRCLE
  5
365
330
1F
100
AcDbEntity
  8
0
  6
Continuous
 62
     7
370
    25
100
AcDbCircle
 10
-54.1709657065
 20
-28.7840040202
 30
0.0
 40
0.0500000000000043
  0
CIRCLE
  5
366
330
1F
100
AcDbEntity
  8
0
  6
Continuous
 62
     7
370
    25
100
AcDbCircle
 10
-54.1709657065
 20
-26.9840040202
 30
0.0
 40
0.0500000000000043
  0
CIRCLE
  5
367
330
1F
100
AcDbEntity
  8
0
  6
Continuous
 62
     7
370
    25
100
AcDbCircle
 10
-54.1709657065
 20
-27.5840040202
 30
0.0
 40
0.0500000000000043
  0
CIRCLE
  5
368
330
1F
100
AcDbEntity
  8
0
  6
Continuous
 62
     7
370
    25
100
AcDbCircle
 10
-54.1709657065
 20
-27.3840040202
 30
0.0
 40
0.0500000000000185
  0
CIRCLE
  5
369
330
1F
100
AcDbEntity
  8
0
  6
Continuous
 62
     7
370
    25
100
AcDbCircle
 10
-54.1709657065
 20
-26.3840040202
 30
0.0
 40
0.0500000000000043
  0
CIRCLE
  5
36A
330
1F
100
AcDbEntity
  8
0
  6
Continuous
 62
     7
370
    25
100
AcDbCircle
 10
-53.9709657065
 20
-25.3840040202
 30
0.0
 40
0.0500000000000114
  0
CIRCLE
  5
36B
330
1F
100
AcDbEntity
  8
0
  6
Continuous
 62
     7
370
    25
100
AcDbCircle
 10
-53.9709657065
 20
-25.9840040202
 30
0.0
 40
0.0500000000000043
  0
CIRCLE
  5
36C
330
1F
100
AcDbEntity
  8
0
  6
Continuous
 62
     7
370
    25
100
AcDbCircle
 10
-53.9709657065
 20
-25.7840040202
 30
0.0
 40
0.0500000000000043
  0
CIRCLE
  5
36D
330
1F
100
AcDbEntity
  8
0
  6
Continuous
 62
     7
370
    25
100
AcDbCircle
 10
-53.7709657065
 20
-25.5840040202
 30
0.0
 40
0.0500000000000043
  0
CIRCLE
  5
36E
330
1F
100
AcDbEntity
  8
0
  6
Continuous
 62
     7
370
    25
100
AcDbCircle
 10
-53.9709657065
 20
-26.1840040202
 30
0.0
 40
0.0500000000000043
  0
CIRCLE
  5
36F
330
1F
100
AcDbEntity
  8
0
  6
Continuous
 62
     7
370
    25
100
AcDbCircle
 10
-53.9709657065
 20
-26.7840040202
 30
0.0
 40
0.0500000000000043
  0
CIRCLE
  5
370
330
1F
100
AcDbEntity
  8
0
  6
Continuous
 62
     7
370
    25
100
AcDbCircle
 10
-53.9709657065
 20
-26.5840040202
 30
0.0
 40
0.0500000000000043
  0
CIRCLE
  5
371
330
1F
100
AcDbEntity
  8
0
  6
Continuous
 62
     7
370
    25
100
AcDbCircle
 10
-53.9709657065
 20
-25.5840040202
 30
0.0
 40
0.0500000000000043
  0
CIRCLE
  5
372
330
1F
100
AcDbEntity
  8
0
  6
Continuous
 62
     7
370
    25
100
AcDbCircle
 10
-53.5709657065
 20
-28.5840040202
 30
0.0
 40
0.0500000000000043
  0
CIRCLE
  5
373
330
1F
100
AcDbEntity
  8
0
  6
Continuous
 62
     7
370
    25
100
AcDbCircle
 10
-53.5709657065
 20
-28.9840040202
 30
0.0
 40
0.0500000000000043
  0
CIRCLE
  5
374
330
1F
100
AcDbEntity
  8
0
  6
Continuous
 62
     7
370
    25
100
AcDbCircle
 10
-53.7709657065
 20
-27.1840040202
 30
0.0
 40
0.0500000000000043
  0
CIRCLE
  5
375
330
1F
100
AcDbEntity
  8
0
  6
Continuous
 62
     7
370
    25
100
AcDbCircle
 10
-53.7709657065
 20
-25.3840040202
 30
0.0
 40
0.0500000000000043
  0
CIRCLE
  5
376
330
1F
100
AcDbEntity
  8
0
  6
Continuous
 62
     7
370
    25
100
AcDbCircle
 10
-53.7709657065
 20
-25.9840040202
 30
0.0
 40
0.0500000000000043
  0
CIRCLE
  5
377
330
1F
100
AcDbEntity
  8
0
  6
Continuous
 62
     7
370
    25
100
AcDbCircle
 10
-53.7709657065
 20
-25.7840040202
 30
0.0
 40
0.0500000000000043
  0
CIRCLE
  5
378
330
1F
100
AcDbEntity
  8
0
  6
Continuous
 62
     7
370
    25
100
AcDbCircle
 10
-53.5709657065
 20
-28.7840040202
 30
0.0
 40
0.0500000000000114
  0
CIRCLE
  5
379
330
1F
100
AcDbEntity
  8
0
  6
Continuous
 62
     7
370
    25
100
AcDbCircle
 10
-53.9709657065
 20
-28.5840040202
 30
0.0
 40
0.0499999999999972
  0
CIRCLE
  5
37A
330
1F
100
AcDbEntity
  8
0
  6
Continuous
 62
     7
370
    25
100
AcDbCircle
 10
-54.1709657065
 20
-25.1840040202
 30
0.0
 40
0.0500000000000043
  0
CIRCLE
  5
37B
330
1F
100
AcDbEntity
  8
0
  6
Continuous
 62
     7
370
    25
100
AcDbCircle
 10
-53.9709657065
 20
-28.9840040202
 30
0.0
 40
0.0500000000000043
  0
CIRCLE
  5
37C
330
1F
100
AcDbEntity
  8
0
  6
Continuous
 62
     7
370
    25
100
AcDbCircle
 10
-55.7709657065
 20
-26.9840040202
 30
0.0
 40
0.0499999999999972
  0
CIRCLE
  5
37D
330
1F
100
AcDbEntity
  8
0
  6
Continuous
 62
     7
370
    25
100
AcDbCircle
 10
-54.1709657065
 20
-25.9840040202
 30
0.0
 40
0.0500000000000043
  0
CIRCLE
  5
37E
330
1F
100
AcDbEntity
  8
0
  6
Continuous
 62
     7
370
    25
100
AcDbCircle
 10
-54.1709657065
 20
-25.7840040202
 30
0.0
 40
0.0500000000000043
  0
CIRCLE
  5
37F
330
1F
100
AcDbEntity
  8
0
  6
Continuous
 62
     7
370
    25
100
AcDbCircle
 10
-53.9709657065
 20
-28.7840040202
 30
0.0
 40
0.0499999999999829
  0
CIRCLE
  5
380
330
1F
100
AcDbEntity
  8
0
  6
Continuous
 62
     7
370
    25
100
AcDbCircle
 10
-55.7709657065
 20
-27.9840040202
 30
0.0
 40
0.0500000000000043
  0
CIRCLE
  5
381
330
1F
100
AcDbEntity
  8
0
  6
Continuous
 62
     7
370
    25
100
AcDbCircle
 10
-55.7709657065
 20
-27.3840040202
 30
0.0
 40
0.0500000000000043
  0
CIRCLE
  5
382
330
1F
100
AcDbEntity
  8
0
  6
Continuous
 62
     7
370
    25
100
AcDbCircle
 10
-55.7709657065
 20
-27.5840040202
 30
0.0
 40
0.0500000000000114
  0
CIRCLE
  5
383
330
1F
100
AcDbEntity
  8
0
  6
Continuous
 62
     7
370
    25
100
AcDbCircle
 10
-55.7709657065
 20
-25.3840040202
 30
0.0
 40
0.0500000000000114
  0
CIRCLE
  5
384
330
1F
100
AcDbEntity
  8
0
  6
Continuous
 62
     7
370
    25
100
AcDbCircle
 10
-55.7709657065
 20
-27.1840040202
 30
0.0
 40
0.0500000000000043
  0
CIRCLE
  5
385
330
1F
100
AcDbEntity
  8
0
  6
Continuous
 62
     7
370
    25
100
AcDbCircle
 10
-55.7709657065
 20
-26.5840040202
 30
0.0
 40
0.0499999999999972
  0
CIRCLE
  5
386
330
1F
100
AcDbEntity
  8
0
  6
Continuous
 62
     7
370
    25
100
AcDbCircle
 10
-55.7709657065
 20
-26.7840040202
 30
0.0
 40
0.0499999999999972
  0
CIRCLE
  5
387
330
1F
100
AcDbEntity
  8
0
  6
Continuous
 62
     7
370
    25
100
AcDbCircle
 10
-55.7709657065
 20
-27.7840040202
 30
0.0
 40
0.0500000000000043
  0
CIRCLE
  5
388
330
1F
100
AcDbEntity
  8
0
  6
Continuous
 62
     7
370
    25
100
AcDbCircle
 10
-54.1709657065
 20
-27.7840040202
 30
0.0
 40
0.0500000000000043
  0
CIRCLE
  5
389
330
1F
100
AcDbEntity
  8
0
  6
Continuous
 62
     7
370
    25
100
AcDbCircle
 10
-54.1709657065
 20
-28.3840040202
 30
0.0
 40
0.0499999999999972
  0
CIRCLE
  5
38A
330
1F
100
AcDbEntity
  8
0
  6
Continuous
 62
     7
370
    25
100
AcDbCircle
 10
-54.1709657065
 20
-28.1840040202
 30
0.0
 40
0.0500000000000043
  0
CIRCLE
  5
38B
330
1F
100
AcDbEntity
  8
0
  6
Continuous
 62
     7
370
    25
100
AcDbCircle
 10
-53.9709657065
 20
-27.9840040202
 30
0.0
 40
0.0500000000000114
  0
CIRCLE
  5
38C
330
1F
100
AcDbEntity
  8
0
  6
Continuous
 62
     7
370
    25
100
AcDbCircle
 10
-54.1709657065
 20
-28.5840040202
 30
0.0
 40
0.0500000000000043
  0
CIRCLE
  5
38D
330
1F
100
AcDbEntity
  8
0
  6
Continuous
 62
     7
370
    25
100
AcDbCircle
 10
-54.3709657065
 20
-25.1840040202
 30
0.0
 40
0.0500000000000043
  0
CIRCLE
  5
38E
330
1F
100
AcDbEntity
  8
0
  6
Continuous
 62
     7
370
    25
100
AcDbCircle
 10
-54.1709657065
 20
-28.9840040202
 30
0.0
 40
0.0500000000000114
  0
CIRCLE
  5
38F
330
1F
100
AcDbEntity
  8
0
  6
Continuous
 62
     7
370
    25
100
AcDbCircle
 10
-54.1709657065
 20
-27.9840040202
 30
0.0
 40
0.0500000000000043
  0
CIRCLE
  5
390
330
1F
100
AcDbEntity
  8
0
  6
Continuous
 62
     7
370
    25
100
AcDbCircle
 10
-53.9709657065
 20
-26.9840040202
 30
0.0
 40
0.0500000000000043
  0
CIRCLE
  5
391
330
1F
100
AcDbEntity
  8
0
  6
Continuous
 62
     7
370
    25
100
AcDbCircle
 10
-53.9709657065
 20
-27.5840040202
 30
0.0
 40
0.0500000000000043
  0
CIRCLE
  5
392
330
1F
100
AcDbEntity
  8
0
  6
Continuous
 62
     7
370
    25
100
AcDbCircle
 10
-53.9709657065
 20
-27.3840040202
 30
0.0
 40
0.0500000000000114
  0
CIRCLE
  5
393
330
1F
100
AcDbEntity
  8
0
  6
Continuous
 62
     7
370
    25
100
AcDbCircle
 10
-54.1709657065
 20
-25.5840040202
 30
0.0
 40
0.0500000000000043
  0
CIRCLE
  5
394
330
1F
100
AcDbEntity
  8
0
  6
Continuous
 62
     7
370
    25
100
AcDbCircle
 10
-53.9709657065
 20
-27.7840040202
 30
0.0
 40
0.0500000000000114
  0
CIRCLE
  5
395
330
1F
100
AcDbEntity
  8
0
  6
Continuous
 62
     7
370
    25
100
AcDbCircle
 10
-53.9709657065
 20
-28.3840040202
 30
0.0
 40
0.0499999999999972
  0
CIRCLE
  5
396
330
1F
100
AcDbEntity
  8
0
  6
Continuous
 62
     7
370
    25
100
AcDbCircle
 10
-53.9709657065
 20
-28.1840040202
 30
0.0
 40
0.0499999999999972
  0
CIRCLE
  5
397
330
1F
100
AcDbEntity
  8
0
  6
Continuous
 62
     7
370
    25
100
AcDbCircle
 10
-53.9709657065
 20
-27.1840040202
 30
0.0
 40
0.0500000000000114
  0
CIRCLE
  5
398
330
1F
100
AcDbEntity
  8
0
  6
Continuous
 62
     7
370
    25
100
AcDbCircle
 10
-54.3709657065
 20
-26.9840040202
 30
0.0
 40
0.0500000000000043
  0
CIRCLE
  5
399
330
1F
100
AcDbEntity
  8
0
  6
Continuous
 62
     7
370
    25
100
AcDbCircle
 10
-54.3709657065
 20
-27.5840040202
 30
0.0
 40
0.0500000000000043
  0
CIRCLE
  5
39A
330
1F
100
AcDbEntity
  8
0
  6
Continuous
 62
     7
370
    25
100
AcDbCircle
 10
-54.3709657065
 20
-27.3840040202
 30
0.0
 40
0.0500000000000043
  0
CIRCLE
  5
39B
330
1F
100
AcDbEntity
  8
0
  6
Continuous
 62
     7
370
    25
100
AcDbCircle
 10
-54.7709657065
 20
-27.9840040202
 30
0.0
 40
0.0499999999999972
  0
CIRCLE
  5
39C
330
1F
100
AcDbEntity
  8
0
  6
Continuous
 62
     7
370
    25
100
AcDbCircle
 10
-54.3709657065
 20
-27.7840040202
 30
0.0
 40
0.0500000000000043
  0
CIRCLE
  5
39D
330
1F
100
AcDbEntity
  8
0
  6
Continuous
 62
     7
370
    25
100
AcDbCircle
 10
-54.3709657065
 20
-28.3840040202
 30
0.0
 40
0.0499999999999972
  0
CIRCLE
  5
39E
330
1F
100
AcDbEntity
  8
0
  6
Continuous
 62
     7
370
    25
100
AcDbCircle
 10
-54.3709657065
 20
-28.1840040202
 30
0.0
 40
0.0499999999999972
  0
CIRCLE
  5
39F
330
1F
100
AcDbEntity
  8
0
  6
Continuous
 62
     7
370
    25
100
AcDbCircle
 10
-54.3709657065
 20
-27.1840040202
 30
0.0
 40
0.0500000000000043
  0
CIRCLE
  5
3A0
330
1F
100
AcDbEntity
  8
0
  6
Continuous
 62
     7
370
    25
100
AcDbCircle
 10
-54.7709657065
 20
-26.9840040202
 30
0.0
 40
0.0500000000000114
  0
CIRCLE
  5
3A1
330
1F
100
AcDbEntity
  8
0
  6
Continuous
 62
     7
370
    25
100
AcDbCircle
 10
-54.7709657065
 20
-27.5840040202
 30
0.0
 40
0.0499999999999972
  0
CIRCLE
  5
3A2
330
1F
100
AcDbEntity
  8
0
  6
Continuous
 62
     7
370
    25
100
AcDbCircle
 10
-54.7709657065
 20
-27.3840040202
 30
0.0
 40
0.0499999999999972
  0
CIRCLE
  5
3A3
330
1F
100
AcDbEntity
  8
0
  6
Continuous
 62
     7
370
    25
100
AcDbCircle
 10
-54.9709657065
 20
-25.5840040202
 30
0.0
 40
0.0499999999999972
  0
CIRCLE
  5
3A4
330
1F
100
AcDbEntity
  8
0
  6
Continuous
 62
     7
370
    25
100
AcDbCircle
 10
-54.7709657065
 20
-27.7840040202
 30
0.0
 40
0.0499999999999972
  0
CIRCLE
  5
3A5
330
1F
100
AcDbEntity
  8
0
  6
Continuous
 62
     7
370
    25
100
AcDbCircle
 10
-54.7709657065
 20
-28.3840040202
 30
0.0
 40
0.0499999999999972
  0
CIRCLE
  5
3A6
330
1F
100
AcDbEntity
  8
0
  6
Continuous
 62
     7
370
    25
100
AcDbCircle
 10
-54.7709657065
 20
-28.1840040202
 30
0.0
 40
0.0500000000000043
  0
CIRCLE
  5
3A7
330
1F
100
AcDbEntity
  8
0
  6
Continuous
 62
     7
370
    25
100
AcDbCircle
 10
-54.7709657065
 20
-27.1840040202
 30
0.0
 40
0.0499999999999972
  0
CIRCLE
  5
3A8
330
1F
100
AcDbEntity
  8
0
  6
Continuous
 62
     7
370
    25
100
AcDbCircle
 10
-54.5709657065
 20
-26.1840040202
 30
0.0
 40
0.0500000000000043
  0
CIRCLE
  5
3A9
330
1F
100
AcDbEntity
  8
0
  6
Continuous
 62
     7
370
    25
100
AcDbCircle
 10
-54.5709657065
 20
-26.7840040202
 30
0.0
 40
0.0499999999999972
  0
CIRCLE
  5
3AA
330
1F
100
AcDbEntity
  8
0
  6
Continuous
 62
     7
370
    25
100
AcDbCircle
 10
-54.5709657065
 20
-26.5840040202
 30
0.0
 40
0.0499999999999972
  0
CIRCLE
  5
3AB
330
1F
100
AcDbEntity
  8
0
  6
Continuous
 62
     7
370
    25
100
AcDbCircle
 10
-54.3709657065
 20
-26.3840040202
 30
0.0
 40
0.0500000000000043
  0
CIRCLE
  5
3AC
330
1F
100
AcDbEntity
  8
0
  6
Continuous
 62
     7
370
    25
100
AcDbCircle
 10
-54.5709657065
 20
-26.9840040202
 30
0.0
 40
0.0499999999999972
  0
CIRCLE
  5
3AD
330
1F
100
AcDbEntity
  8
0
  6
Continuous
 62
     7
370
    25
100
AcDbCircle
 10
-54.5709657065
 20
-27.5840040202
 30
0.0
 40
0.0500000000000043
  0
CIRCLE
  5
3AE
330
1F
100
AcDbEntity
  8
0
  6
Continuous
 62
     7
370
    25
100
AcDbCircle
 10
-54.5709657065
 20
-27.3840040202
 30
0.0
 40
0.0500000000000043
  0
CIRCLE
  5
3AF
330
1F
100
AcDbEntity
  8
0
  6
Continuous
 62
     7
370
    25
100
AcDbCircle
 10
-54.5709657065
 20
-26.3840040202
 30
0.0
 40
0.0499999999999972
  0
CIRCLE
  5
3B0
330
1F
100
AcDbEntity
  8
0
  6
Continuous
 62
     7
370
    25
100
AcDbCircle
 10
-54.3709657065
 20
-25.3840040202
 30
0.0
 40
0.0500000000000043
  0
CIRCLE
  5
3B1
330
1F
100
AcDbEntity
  8
0
  6
Continuous
 62
     7
370
    25
100
AcDbCircle
 10
-54.3709657065
 20
-25.9840040202
 30
0.0
 40
0.0500000000000043
  0
CIRCLE
  5
3B2
330
1F
100
AcDbEntity
  8
0
  6
Continuous
 62
     7
370
    25
100
AcDbCircle
 10
-54.3709657065
 20
-25.7840040202
 30
0.0
 40
0.0500000000000043
  0
CIRCLE
  5
3B3
330
1F
100
AcDbEntity
  8
0
  6
Continuous
 62
     7
370
    25
100
AcDbCircle
 10
-54.3709657065
 20
-27.9840040202
 30
0.0
 40
0.0500000000000114
  0
CIRCLE
  5
3B4
330
1F
100
AcDbEntity
  8
0
  6
Continuous
 62
     7
370
    25
100
AcDbCircle
 10
-54.3709657065
 20
-26.1840040202
 30
0.0
 40
0.0500000000000043
  0
CIRCLE
  5
3B5
330
1F
100
AcDbEntity
  8
0
  6
Continuous
 62
     7
370
    25
100
AcDbCircle
 10
-54.3709657065
 20
-26.7840040202
 30
0.0
 40
0.0500000000000043
  0
CIRCLE
  5
3B6
330
1F
100
AcDbEntity
  8
0
  6
Continuous
 62
     7
370
    25
100
AcDbCircle
 10
-54.3709657065
 20
-26.5840040202
 30
0.0
 40
0.0500000000000043
  0
CIRCLE
  5
3B7
330
1F
100
AcDbEntity
  8
0
  6
Continuous
 62
     7
370
    25
100
AcDbCircle
 10
-54.3709657065
 20
-25.5840040202
 30
0.0
 40
0.0500000000000043
  0
CIRCLE
  5
3B8
330
1F
100
AcDbEntity
  8
0
  6
Continuous
 62
     7
370
    25
100
AcDbCircle
 10
-54.7709657065
 20
-25.3840040202
 30
0.0
 40
0.0499999999999972
  0
CIRCLE
  5
3B9
330
1F
100
AcDbEntity
  8
0
  6
Continuous
 62
     7
370
    25
100
AcDbCircle
 10
-54.7709657065
 20
-25.9840040202
 30
0.0
 40
0.0500000000000043
  0
CIRCLE
  5
3BA
330
1F
100
AcDbEntity
  8
0
  6
Continuous
 62
     7
370
    25
100
AcDbCircle
 10
-54.7709657065
 20
-25.7840040202
 30
0.0
 40
0.0500000000000043
  0
CIRCLE
  5
3BB
330
1F
100
AcDbEntity
  8
0
  6
Continuous
 62
     7
370
    25
100
AcDbCircle
 10
-53.7709657065
 20
-28.7840040202
 30
0.0
 40
0.0499999999999972
  0
CIRCLE
  5
3BC
330
1F
100
AcDbEntity
  8
0
  6
Continuous
 62
     7
370
    25
100
AcDbCircle
 10
-54.7709657065
 20
-26.1840040202
 30
0.0
 40
0.0500000000000043
  0
CIRCLE
  5
3BD
330
1F
100
AcDbEntity
  8
0
  6
Continuous
 62
     7
370
    25
100
AcDbCircle
 10
-54.7709657065
 20
-26.7840040202
 30
0.0
 40
0.0500000000000114
  0
CIRCLE
  5
3BE
330
1F
100
AcDbEntity
  8
0
  6
Continuous
 62
     7
370
    25
100
AcDbCircle
 10
-54.7709657065
 20
-26.5840040202
 30
0.0
 40
0.0500000000000114
  0
CIRCLE
  5
3BF
330
1F
100
AcDbEntity
  8
0
  6
Continuous
 62
     7
370
    25
100
AcDbCircle
 10
-54.7709657065
 20
-25.5840040202
 30
0.0
 40
0.0500000000000043
  0
CIRCLE
  5
3C0
330
1F
100
AcDbEntity
  8
0
  6
Continuous
 62
     7
370
    25
100
AcDbCircle
 10
-53.7709657065
 20
-27.7840040202
 30
0.0
 40
0.0500000000000043
  0
CIRCLE
  5
3C1
330
1F
100
AcDbEntity
  8
0
  6
Continuous
 62
     7
370
    25
100
AcDbCircle
 10
-53.7709657065
 20
-28.3840040202
 30
0.0
 40
0.0500000000000043
  0
CIRCLE
  5
3C2
330
1F
100
AcDbEntity
  8
0
  6
Continuous
 62
     7
370
    25
100
AcDbCircle
 10
-53.7709657065
 20
-28.1840040202
 30
0.0
 40
0.0500000000000043
  0
CIRCLE
  5
3C3
330
1F
100
AcDbEntity
  8
0
  6
Continuous
 62
     7
370
    25
100
AcDbCircle
 10
-53.9709657065
 20
-26.3840040202
 30
0.0
 40
0.0499999999999972
  0
CIRCLE
  5
3C4
330
1F
100
AcDbEntity
  8
0
  6
Continuous
 62
     7
370
    25
100
AcDbCircle
 10
-53.7709657065
 20
-28.5840040202
 30
0.0
 40
0.0500000000000043
  0
CIRCLE
  5
3C5
330
1F
100
AcDbEntity
  8
0
  6
Continuous
 62
     7
370
    25
100
AcDbCircle
 10
-53.9709657065
 20
-25.1840040202
 30
0.0
 40
0.0500000000000114
  0
CIRCLE
  5
3C6
330
1F
100
AcDbEntity
  8
0
  6
Continuous
 62
     7
370
    25
100
AcDbCircle
 10
-53.7709657065
 20
-28.9840040202
 30
0.0
 40
0.0500000000000043
  0
CIRCLE
  5
3C7
330
1F
100
AcDbEntity
  8
0
  6
Continuous
 62
     7
370
    25
100
AcDbCircle
 10
-53.7709657065
 20
-27.9840040202
 30
0.0
 40
0.0500000000000043
  0
CIRCLE
  5
3C8
330
1F
100
AcDbEntity
  8
0
  6
Continuous
 62
     7
370
    25
100
AcDbCircle
 10
-54.5709657065
 20
-28.7840040202
 30
0.0
 40
0.0500000000000043
  0
CIRCLE
  5
3C9
330
1F
100
AcDbEntity
  8
0
  6
Continuous
 62
     7
370
    25
100
AcDbCircle
 10
-54.7709657065
 20
-28.9840040202
 30
0.0
 40
0.0500000000000043
  0
CIRCLE
  5
3CA
330
1F
100
AcDbEntity
  8
0
  6
Continuous
 62
     7
370
    25
100
AcDbCircle
 10
-54.9709657065
 20
-25.1840040202
 30
0.0
 40
0.0500000000000043
  0
CIRCLE
  5
3CB
330
1F
100
AcDbEntity
  8
0
  6
Continuous
 62
     7
370
    25
100
AcDbCircle
 10
-54.7709657065
 20
-28.5840040202
 30
0.0
 40
0.0500000000000043
  0
CIRCLE
  5
3CC
330
1F
100
AcDbEntity
  8
0
  6
Continuous
 62
     7
370
    25
100
AcDbCircle
 10
-54.9709657065
 20
-25.3840040202
 30
0.0
 40
0.0500000000000043
  0
CIRCLE
  5
3CD
330
1F
100
AcDbEntity
  8
0
  6
Continuous
 62
     7
370
    25
100
AcDbCircle
 10
-54.9709657065
 20
-25.9840040202
 30
0.0
 40
0.0499999999999972
  0
CIRCLE
  5
3CE
330
1F
100
AcDbEntity
  8
0
  6
Continuous
 62
     7
370
    25
100
AcDbCircle
 10
-54.9709657065
 20
-25.7840040202
 30
0.0
 40
0.0499999999999972
  0
CIRCLE
  5
3CF
330
1F
100
AcDbEntity
  8
0
  6
Continuous
 62
     7
370
    25
100
AcDbCircle
 10
-54.7709657065
 20
-28.7840040202
 30
0.0
 40
0.0500000000000185
  0
CIRCLE
  5
3D0
330
1F
100
AcDbEntity
  8
0
  6
Continuous
 62
     7
370
    25
100
AcDbCircle
 10
-54.5709657065
 20
-27.7840040202
 30
0.0
 40
0.0500000000000043
  0
CIRCLE
  5
3D1
330
1F
100
AcDbEntity
  8
0
  6
Continuous
 62
     7
370
    25
100
AcDbCircle
 10
-54.5709657065
 20
-28.3840040202
 30
0.0
 40
0.0500000000000043
  0
CIRCLE
  5
3D2
330
1F
100
AcDbEntity
  8
0
  6
Continuous
 62
     7
370
    25
100
AcDbCircle
 10
-54.5709657065
 20
-28.1840040202
 30
0.0
 40
0.0500000000000043
  0
CIRCLE
  5
3D3
330
1F
100
AcDbEntity
  8
0
  6
Continuous
 62
     7
370
    25
100
AcDbCircle
 10
-54.7709657065
 20
-26.3840040202
 30
0.0
 40
0.0500000000000114
  0
CIRCLE
  5
3D4
330
1F
100
AcDbEntity
  8
0
  6
Continuous
 62
     7
370
    25
100
AcDbCircle
 10
-54.5709657065
 20
-28.5840040202
 30
0.0
 40
0.0500000000000043
  0
CIRCLE
  5
3D5
330
1F
100
AcDbEntity
  8
0
  6
Continuous
 62
     7
370
    25
100
AcDbCircle
 10
-54.7709657065
 20
-25.1840040202
 30
0.0
 40
0.0499999999999972
  0
CIRCLE
  5
3D6
330
1F
100
AcDbEntity
  8
0
  6
Continuous
 62
     7
370
    25
100
AcDbCircle
 10
-54.5709657065
 20
-28.9840040202
 30
0.0
 40
0.0499999999999972
  0
CIRCLE
  5
3D7
330
1F
100
AcDbEntity
  8
0
  6
Continuous
 62
     7
370
    25
100
AcDbCircle
 10
-54.5709657065
 20
-27.9840040202
 30
0.0
 40
0.0500000000000043
  0
CIRCLE
  5
3D8
330
1F
100
AcDbEntity
  8
0
  6
Continuous
 62
     7
370
    25
100
AcDbCircle
 10
-54.9709657065
 20
-27.7840040202
 30
0.0
 40
0.0500000000000114
  0
CIRCLE
  5
3D9
330
1F
100
AcDbEntity
  8
0
  6
Continuous
 62
     7
370
    25
100
AcDbCircle
 10
-54.9709657065
 20
-28.3840040202
 30
0.0
 40
0.0499999999999972
  0
CIRCLE
  5
3DA
330
1F
100
AcDbEntity
  8
0
  6
Continuous
 62
     7
370
    25
100
AcDbCircle
 10
-54.9709657065
 20
-28.1840040202
 30
0.0
 40
0.0499999999999972
  0
CIRCLE
  5
3DB
330
1F
100
AcDbEntity
  8
0
  6
Continuous
 62
     7
370
    25
100
AcDbCircle
 10
-55.3709657065
 20
-25.3840040202
 30
0.0
 40
0.0499999999999972
  0
CIRCLE
  5
3DC
330
1F
100
AcDbEntity
  8
0
  6
Continuous
 62
     7
370
    25
100
AcDbCircle
 10
-54.9709657065
 20
-28.5840040202
 30
0.0
 40
0.0499999999999972
  0
CIRCLE
  5
3DD
330
1F
100
AcDbEntity
  8
0
  6
Continuous
 62
     7
370
    25
100
AcDbCircle
 10
-55.1709657065
 20
-28.9840040202
 30
0.0
 40
0.0499999999999972
  0
CIRCLE
  5
3DE
330
1F
100
AcDbEntity
  8
0
  6
Continuous
 62
     7
370
    25
100
AcDbCircle
 10
-54.9709657065
 20
-28.9840040202
 30
0.0
 40
0.0500000000000043
  0
CIRCLE
  5
3DF
330
1F
100
AcDbEntity
  8
0
  6
Continuous
 62
     7
370
    25
100
AcDbCircle
 10
-54.9709657065
 20
-27.9840040202
 30
0.0
 40
0.0499999999999972
  0
CIRCLE
  5
3E0
330
1F
100
AcDbEntity
  8
0
  6
Continuous
 62
     7
370
    25
100
AcDbCircle
 10
-55.3709657065
 20
-26.3840040202
 30
0.0
 40
0.0500000000000043
  0
CIRCLE
  5
3E1
330
1F
100
AcDbEntity
  8
0
  6
Continuous
 62
     7
370
    25
100
AcDbCircle
 10
-55.3709657065
 20
-25.7840040202
 30
0.0
 40
0.0500000000000043
  0
CIRCLE
  5
3E2
330
1F
100
AcDbEntity
  8
0
  6
Continuous
 62
     7
370
    25
100
AcDbCircle
 10
-55.3709657065
 20
-25.9840040202
 30
0.0
 40
0.0500000000000043
  0
CIRCLE
  5
3E3
330
1F
100
AcDbEntity
  8
0
  6
Continuous
 62
     7
370
    25
100
AcDbCircle
 10
-55.5709657065
 20
-27.7840040202
 30
0.0
 40
0.0500000000000043
  0
CIRCLE
  5
3E4
330
1F
100
AcDbEntity
  8
0
  6
Continuous
 62
     7
370
    25
100
AcDbCircle
 10
-55.3709657065
 20
-25.5840040202
 30
0.0
 40
0.0500000000000114
  0
CIRCLE
  5
3E5
330
1F
100
AcDbEntity
  8
0
  6
Continuous
 62
     7
370
    25
100
AcDbCircle
 10
-55.5709657065
 20
-28.9840040202
 30
0.0
 40
0.0500000000000043
  0
CIRCLE
  5
3E6
330
1F
100
AcDbEntity
  8
0
  6
Continuous
 62
     7
370
    25
100
AcDbCircle
 10
-55.3709657065
 20
-25.1840040202
 30
0.0
 40
0.0500000000000114
  0
CIRCLE
  5
3E7
330
1F
100
AcDbEntity
  8
0
  6
Continuous
 62
     7
370
    25
100
AcDbCircle
 10
-55.3709657065
 20
-26.1840040202
 30
0.0
 40
0.0500000000000114
  0
CIRCLE
  5
3E8
330
1F
100
AcDbEntity
  8
0
  6
Continuous
 62
     7
370
    25
100
AcDbCircle
 10
-55.1709657065
 20
-27.1840040202
 30
0.0
 40
0.0500000000000114
  0
CIRCLE
  5
3E9
330
1F
100
AcDbEntity
  8
0
  6
Continuous
 62
     7
370
    25
100
AcDbCircle
 10
-55.1709657065
 20
-26.5840040202
 30
0.0
 40
0.0499999999999972
  0
CIRCLE
  5
3EA
330
1F
100
AcDbEntity
  8
0
  6
Continuous
 62
     7
370
    25
100
AcDbCircle
 10
-55.1709657065
 20
-26.7840040202
 30
0.0
 40
0.0499999999999972
  0
CIRCLE
  5
3EB
330
1F
100
AcDbEntity
  8
0
  6
Continuous
 62
     7
370
    25
100
AcDbCircle
 10
-54.9709657065
 20
-27.1840040202
 30
0.0
 40
0.0500000000000114
  0
CIRCLE
  5
3EC
330
1F
100
AcDbEntity
  8
0
  6
Continuous
 62
     7
370
    25
100
AcDbCircle
 10
-55.1709657065
 20
-26.3840040202
 30
0.0
 40
0.0499999999999972
  0
CIRCLE
  5
3ED
330
1F
100
AcDbEntity
  8
0
  6
Continuous
 62
     7
370
    25
100
AcDbCircle
 10
-55.1709657065
 20
-25.7840040202
 30
0.0
 40
0.0500000000000043
  0
CIRCLE
  5
3EE
330
1F
100
AcDbEntity
  8
0
  6
Continuous
 62
     7
370
    25
100
AcDbCircle
 10
-55.1709657065
 20
-25.9840040202
 30
0.0
 40
0.0500000000000043
  0
CIRCLE
  5
3EF
330
1F
100
AcDbEntity
  8
0
  6
Continuous
 62
     7
370
    25
100
AcDbCircle
 10
-55.1709657065
 20
-26.9840040202
 30
0.0
 40
0.0499999999999972
  0
CIRCLE
  5
3F0
330
1F
100
AcDbEntity
  8
0
  6
Continuous
 62
     7
370
    25
100
AcDbCircle
 10
-54.9709657065
 20
-26.1840040202
 30
0.0
 40
0.0499999999999972
  0
CIRCLE
  5
3F1
330
1F
100
AcDbEntity
  8
0
  6
Continuous
 62
     7
370
    25
100
AcDbCircle
 10
-54.9709657065
 20
-26.7840040202
 30
0.0
 40
0.0499999999999972
  0
CIRCLE
  5
3F2
330
1F
100
AcDbEntity
  8
0
  6
Continuous
 62
     7
370
    25
100
AcDbCircle
 10
-54.9709657065
 20
-26.5840040202
 30
0.0
 40
0.0499999999999972
  0
CIRCLE
  5
3F3
330
1F
100
AcDbEntity
  8
0
  6
Continuous
 62
     7
370
    25
100
AcDbCircle
 10
-54.9709657065
 20
-28.7840040202
 30
0.0
 40
0.0499999999999901
  0
CIRCLE
  5
3F4
330
1F
100
AcDbEntity
  8
0
  6
Continuous
 62
     7
370
    25
100
AcDbCircle
 10
-54.9709657065
 20
-26.9840040202
 30
0.0
 40
0.0499999999999972
  0
CIRCLE
  5
3F5
330
1F
100
AcDbEntity
  8
0
  6
Continuous
 62
     7
370
    25
100
AcDbCircle
 10
-54.9709657065
 20
-27.5840040202
 30
0.0
 40
0.0500000000000114
  0
CIRCLE
  5
3F6
330
1F
100
AcDbEntity
  8
0
  6
Continuous
 62
     7
370
    25
100
AcDbCircle
 10
-54.9709657065
 20
-27.3840040202
 30
0.0
 40
0.0500000000000114
  0
CIRCLE
  5
3F7
330
1F
100
AcDbEntity
  8
0
  6
Continuous
 62
     7
370
    25
100
AcDbCircle
 10
-54.9709657065
 20
-26.3840040202
 30
0.0
 40
0.0499999999999972
  0
CIRCLE
  5
3F8
330
1F
100
AcDbEntity
  8
0
  6
Continuous
 62
     7
370
    25
100
AcDbCircle
 10
-55.3709657065
 20
-27.9840040202
 30
0.0
 40
0.0500000000000114
  0
CIRCLE
  5
3F9
330
1F
100
AcDbEntity
  8
0
  6
Continuous
 62
     7
370
    25
100
AcDbCircle
 10
-55.3709657065
 20
-27.3840040202
 30
0.0
 40
0.0499999999999972
  0
CIRCLE
  5
3FA
330
1F
100
AcDbEntity
  8
0
  6
Continuous
 62
     7
370
    25
100
AcDbCircle
 10
-55.3709657065
 20
-27.5840040202
 30
0.0
 40
0.0499999999999972
  0
CIRCLE
  5
3FB
330
1F
100
AcDbEntity
  8
0
  6
Continuous
 62
     7
370
    25
100
AcDbCircle
 10
-51.9709657065
 20
-26.3840040202
 30
0.0
 40
0.0500000000000043
  0
CIRCLE
  5
3FC
330
1F
100
AcDbEntity
  8
0
  6
Continuous
 62
     7
370
    25
100
AcDbCircle
 10
-55.3709657065
 20
-27.1840040202
 30
0.0
 40
0.0499999999999972
  0
CIRCLE
  5
3FD
330
1F
100
AcDbEntity
  8
0
  6
Continuous
 62
     7
370
    25
100
AcDbCircle
 10
-55.3709657065
 20
-26.5840040202
 30
0.0
 40
0.0500000000000043
  0
CIRCLE
  5
3FE
330
1F
100
AcDbEntity
  8
0
  6
Continuous
 62
     7
370
    25
100
AcDbCircle
 10
-55.3709657065
 20
-26.7840040202
 30
0.0
 40
0.0500000000000043
  0
CIRCLE
  5
3FF
330
1F
100
AcDbEntity
  8
0
  6
Continuous
 62
     7
370
    25
100
AcDbCircle
 10
-55.3709657065
 20
-27.7840040202
 30
0.0
 40
0.0499999999999972
  0
CIRCLE
  5
400
330
1F
100
AcDbEntity
  8
0
  6
Continuous
 62
     7
370
    25
100
AcDbCircle
 10
-51.9709657065
 20
-25.3840040202
 30
0.0
 40
0.0500000000000114
  0
CIRCLE
  5
401
330
1F
100
AcDbEntity
  8
0
  6
Continuous
 62
     7
370
    25
100
AcDbCircle
 10
-51.9709657065
 20
-25.9840040202
 30
0.0
 40
0.0499999999999972
  0
CIRCLE
  5
402
330
1F
100
AcDbEntity
  8
0
  6
Continuous
 62
     7
370
    25
100
AcDbCircle
 10
-51.9709657065
 20
-25.7840040202
 30
0.0
 40
0.0500000000000185
  0
CIRCLE
  5
403
330
1F
100
AcDbEntity
  8
0
  6
Continuous
 62
     7
370
    25
100
AcDbCircle
 10
-51.9709657065
 20
-27.9840040202
 30
0.0
 40
0.0500000000000185
  0
CIRCLE
  5
404
330
1F
100
AcDbEntity
  8
0
  6
Continuous
 62
     7
370
    25
100
AcDbCircle
 10
-51.9709657065
 20
-26.1840040202
 30
0.0
 40
0.0499999999999972
  0
CIRCLE
  5
405
330
1F
100
AcDbEntity
  8
0
  6
Continuous
 62
     7
370
    25
100
AcDbCircle
 10
-51.9709657065
 20
-26.7840040202
 30
0.0
 40
0.0499999999999972
  0
CIRCLE
  5
406
330
1F
100
AcDbEntity
  8
0
  6
Continuous
 62
     7
370
    25
100
AcDbCircle
 10
-51.9709657065
 20
-26.5840040202
 30
0.0
 40
0.0499999999999972
  0
CIRCLE
  5
407
330
1F
100
AcDbEntity
  8
0
  6
Continuous
 62
     7
370
    25
100
AcDbCircle
 10
-51.9709657065
 20
-25.5840040202
 30
0.0
 40
0.0499999999999972
  0
CIRCLE
  5
408
330
1F
100
AcDbEntity
  8
0
  6
Continuous
 62
     7
370
    25
100
AcDbCircle
 10
-55.5709657065
 20
-28.7840040202
 30
0.0
 40
0.0500000000000114
  0
CIRCLE
  5
409
330
1F
100
AcDbEntity
  8
0
  6
Continuous
 62
     7
370
    25
100
AcDbCircle
 10
-55.5709657065
 20
-28.1840040202
 30
0.0
 40
0.0499999999999972
  0
CIRCLE
  5
40A
330
1F
100
AcDbEntity
  8
0
  6
Continuous
 62
     7
370
    25
100
AcDbCircle
 10
-55.5709657065
 20
-28.3840040202
 30
0.0
 40
0.0499999999999972
  0
CIRCLE
  5
40B
330
1F
100
AcDbEntity
  8
0
  6
Continuous
 62
     7
370
    25
100
AcDbCircle
 10
-55.3709657065
 20
-28.5840040202
 30
0.0
 40
0.0500000000000114
  0
CIRCLE
  5
40C
330
1F
100
AcDbEntity
  8
0
  6
Continuous
 62
     7
370
    25
100
AcDbCircle
 10
-55.5709657065
 20
-27.9840040202
 30
0.0
 40
0.0499999999999972
  0
CIRCLE
  5
40D
330
1F
100
AcDbEntity
  8
0
  6
Continuous
 62
     7
370
    25
100
AcDbCircle
 10
-55.5709657065
 20
-27.3840040202
 30
0.0
 40
0.0500000000000043
  0
CIRCLE
  5
40E
330
1F
100
AcDbEntity
  8
0
  6
Continuous
 62
     7
370
    25
100
AcDbCircle
 10
-55.5709657065
 20
-27.5840040202
 30
0.0
 40
0.0500000000000043
  0
CIRCLE
  5
40F
330
1F
100
AcDbEntity
  8
0
  6
Continuous
 62
     7
370
    25
100
AcDbCircle
 10
-55.5709657065
 20
-28.5840040202
 30
0.0
 40
0.0499999999999972
  0
CIRCLE
  5
410
330
1F
100
AcDbEntity
  8
0
  6
Continuous
 62
     7
370
    25
100
AcDbCircle
 10
-55.1709657065
 20
-25.5840040202
 30
0.0
 40
0.0500000000000043
  0
CIRCLE
  5
411
330
1F
100
AcDbEntity
  8
0
  6
Continuous
 62
     7
370
    25
100
AcDbCircle
 10
-55.3709657065
 20
-28.9840040202
 30
0.0
 40
0.0500000000000043
  0
CIRCLE
  5
412
330
1F
100
AcDbEntity
  8
0
  6
Continuous
 62
     7
370
    25
100
AcDbCircle
 10
-55.3709657065
 20
-26.9840040202
 30
0.0
 40
0.0500000000000043
  0
CIRCLE
  5
413
330
1F
100
AcDbEntity
  8
0
  6
Continuous
 62
     7
370
    25
100
AcDbCircle
 10
-55.3709657065
 20
-28.7840040202
 30
0.0
 40
0.0500000000000043
  0
CIRCLE
  5
414
330
1F
100
AcDbEntity
  8
0
  6
Continuous
 62
     7
370
    25
100
AcDbCircle
 10
-55.3709657065
 20
-28.1840040202
 30
0.0
 40
0.0500000000000114
  0
CIRCLE
  5
415
330
1F
100
AcDbEntity
  8
0
  6
Continuous
 62
     7
370
    25
100
AcDbCircle
 10
-55.3709657065
 20
-28.3840040202
 30
0.0
 40
0.0500000000000114
  0
CIRCLE
  5
416
330
1F
100
AcDbEntity
  8
0
  6
Continuous
 62
     7
370
    25
100
AcDbCircle
 10
-55.7709657065
 20
-28.9840040202
 30
0.0
 40
0.0500000000000043
  0
CIRCLE
  5
417
330
1F
100
AcDbEntity
  8
0
  6
Continuous
 62
     7
370
    25
100
AcDbCircle
 10
-56.1709657065
 20
-28.5840040202
 30
0.0
 40
0.0500000000000043
  0
CIRCLE
  5
418
330
1F
100
AcDbEntity
  8
0
  6
Continuous
 62
     7
370
    25
100
AcDbCircle
 10
-55.7709657065
 20
-28.7840040202
 30
0.0
 40
0.0500000000000043
  0
CIRCLE
  5
419
330
1F
100
AcDbEntity
  8
0
  6
Continuous
 62
     7
370
    25
100
AcDbCircle
 10
-55.7709657065
 20
-28.1840040202
 30
0.0
 40
0.0500000000000043
  0
CIRCLE
  5
41A
330
1F
100
AcDbEntity
  8
0
  6
Continuous
 62
     7
370
    25
100
AcDbCircle
 10
-55.7709657065
 20
-28.3840040202
 30
0.0
 40
0.0500000000000043
  0
CIRCLE
  5
41B
330
1F
100
AcDbEntity
  8
0
  6
Continuous
 62
     7
370
    25
100
AcDbCircle
 10
-56.1709657065
 20
-28.9840040202
 30
0.0
 40
0.0500000000000185
  0
CIRCLE
  5
41C
330
1F
100
AcDbEntity
  8
0
  6
Continuous
 62
     7
370
    25
100
AcDbCircle
 10
-56.1709657065
 20
-26.9840040202
 30
0.0
 40
0.0499999999999972
  0
CIRCLE
  5
41D
330
1F
100
AcDbEntity
  8
0
  6
Continuous
 62
     7
370
    25
100
AcDbCircle
 10
-56.1709657065
 20
-28.7840040202
 30
0.0
 40
0.0500000000000043
  0
CIRCLE
  5
41E
330
1F
100
AcDbEntity
  8
0
  6
Continuous
 62
     7
370
    25
100
AcDbCircle
 10
-56.1709657065
 20
-28.1840040202
 30
0.0
 40
0.0500000000000043
  0
CIRCLE
  5
41F
330
1F
100
AcDbEntity
  8
0
  6
Continuous
 62
     7
370
    25
100
AcDbCircle
 10
-56.1709657065
 20
-28.3840040202
 30
0.0
 40
0.0500000000000043
  0
CIRCLE
  5
420
330
1F
100
AcDbEntity
  8
0
  6
Continuous
 62
     7
370
    25
100
AcDbCircle
 10
-55.9709657065
 20
-25.3840040202
 30
0.0
 40
0.0500000000000043
  0
CIRCLE
  5
421
330
1F
100
AcDbEntity
  8
0
  6
Continuous
 62
     7
370
    25
100
AcDbCircle
 10
-55.7709657065
 20
-26.3840040202
 30
0.0
 40
0.0499999999999972
  0
CIRCLE
  5
422
330
1F
100
AcDbEntity
  8
0
  6
Continuous
 62
     7
370
    25
100
AcDbCircle
 10
-55.7709657065
 20
-25.7840040202
 30
0.0
 40
0.0500000000000043
  0
CIRCLE
  5
423
330
1F
100
AcDbEntity
  8
0
  6
Continuous
 62
     7
370
    25
100
AcDbCircle
 10
-55.7709657065
 20
-25.9840040202
 30
0.0
 40
0.0500000000000043
  0
CIRCLE
  5
424
330
1F
100
AcDbEntity
  8
0
  6
Continuous
 62
     7
370
    25
100
AcDbCircle
 10
-55.5709657065
 20
-26.1840040202
 30
0.0
 40
0.0500000000000114
  0
CIRCLE
  5
425
330
1F
100
AcDbEntity
  8
0
  6
Continuous
 62
     7
370
    25
100
AcDbCircle
 10
-55.7709657065
 20
-25.5840040202
 30
0.0
 40
0.0500000000000043
  0
CIRCLE
  5
426
330
1F
100
AcDbEntity
  8
0
  6
Continuous
 62
     7
370
    25
100
AcDbCircle
 10
-55.9709657065
 20
-28.9840040202
 30
0.0
 40
0.0500000000000043
  0
CIRCLE
  5
427
330
1F
100
AcDbEntity
  8
0
  6
Continuous
 62
     7
370
    25
100
AcDbCircle
 10
-55.7709657065
 20
-25.1840040202
 30
0.0
 40
0.0500000000000114
  0
CIRCLE
  5
428
330
1F
100
AcDbEntity
  8
0
  6
Continuous
 62
     7
370
    25
100
AcDbCircle
 10
-55.7709657065
 20
-26.1840040202
 30
0.0
 40
0.0500000000000043
  0
CIRCLE
  5
429
330
1F
100
AcDbEntity
  8
0
  6
Continuous
 62
     7
370
    25
100
AcDbCircle
 10
-55.5709657065
 20
-27.1840040202
 30
0.0
 40
0.0500000000000043
  0
CIRCLE
  5
42A
330
1F
100
AcDbEntity
  8
0
  6
Continuous
 62
     7
370
    25
100
AcDbCircle
 10
-55.5709657065
 20
-26.5840040202
 30
0.0
 40
0.0500000000000043
  0
CIRCLE
  5
42B
330
1F
100
AcDbEntity
  8
0
  6
Continuous
 62
     7
370
    25
100
AcDbCircle
 10
-55.5709657065
 20
-26.7840040202
 30
0.0
 40
0.0500000000000114
  0
CIRCLE
  5
42C
330
1F
100
AcDbEntity
  8
0
  6
Continuous
 62
     7
370
    25
100
AcDbCircle
 10
-55.7709657065
 20
-28.5840040202
 30
0.0
 40
0.0500000000000043
  0
CIRCLE
  5
42D
330
1F
100
AcDbEntity
  8
0
  6
Continuous
 62
     7
370
    25
100
AcDbCircle
 10
-55.5709657065
 20
-26.3840040202
 30
0.0
 40
0.0500000000000043
  0
CIRCLE
  5
42E
330
1F
100
AcDbEntity
  8
0
  6
Continuous
 62
     7
370
    25
100
AcDbCircle
 10
-55.5709657065
 20
-25.7840040202
 30
0.0
 40
0.0499999999999972
  0
CIRCLE
  5
42F
330
1F
100
AcDbEntity
  8
0
  6
Continuous
 62
     7
370
    25
100
AcDbCircle
 10
-55.5709657065
 20
-25.9840040202
 30
0.0
 40
0.0499999999999972
  0
CIRCLE
  5
430
330
1F
100
AcDbEntity
  8
0
  6
Continuous
 62
     7
370
    25
100
AcDbCircle
 10
-55.5709657065
 20
-26.9840040202
 30
0.0
 40
0.0500000000000043
  0
CIRCLE
  5
431
330
1F
100
AcDbEntity
  8
0
  6
Continuous
 62
     7
370
    25
100
AcDbCircle
 10
-55.9709657065
 20
-27.1840040202
 30
0.0
 40
0.0499999999999972
  0
CIRCLE
  5
432
330
1F
100
AcDbEntity
  8
0
  6
Continuous
 62
     7
370
    25
100
AcDbCircle
 10
-55.9709657065
 20
-26.5840040202
 30
0.0
 40
0.0500000000000114
  0
CIRCLE
  5
433
330
1F
100
AcDbEntity
  8
0
  6
Continuous
 62
     7
370
    25
100
AcDbCircle
 10
-55.9709657065
 20
-26.7840040202
 30
0.0
 40
0.0500000000000043
  0
CIRCLE
  5
434
330
1F
100
AcDbEntity
  8
0
  6
Continuous
 62
     7
370
    25
100
AcDbCircle
 10
-55.1709657065
 20
-27.7840040202
 30
0.0
 40
0.0500000000000114
  0
CIRCLE
  5
435
330
1F
100
AcDbEntity
  8
0
  6
Continuous
 62
     7
370
    25
100
AcDbCircle
 10
-55.9709657065
 20
-26.3840040202
 30
0.0
 40
0.0500000000000114
  0
CIRCLE
  5
436
330
1F
100
AcDbEntity
  8
0
  6
Continuous
 62
     7
370
    25
100
AcDbCircle
 10
-55.9709657065
 20
-25.7840040202
 30
0.0
 40
0.0499999999999972
  0
CIRCLE
  5
437
330
1F
100
AcDbEntity
  8
0
  6
Continuous
 62
     7
370
    25
100
AcDbCircle
 10
-55.9709657065
 20
-25.9840040202
 30
0.0
 40
0.0499999999999972
  0
CIRCLE
  5
438
330
1F
100
AcDbEntity
  8
0
  6
Continuous
 62
     7
370
    25
100
AcDbCircle
 10
-55.9709657065
 20
-26.9840040202
 30
0.0
 40
0.0500000000000114
  0
CIRCLE
  5
439
330
1F
100
AcDbEntity
  8
0
  6
Continuous
 62
     7
370
    25
100
AcDbCircle
 10
-55.1709657065
 20
-28.7840040202
 30
0.0
 40
0.0499999999999972
  0
CIRCLE
  5
43A
330
1F
100
AcDbEntity
  8
0
  6
Continuous
 62
     7
370
    25
100
AcDbCircle
 10
-55.1709657065
 20
-28.1840040202
 30
0.0
 40
0.0499999999999972
  0
CIRCLE
  5
43B
330
1F
100
AcDbEntity
  8
0
  6
Continuous
 62
     7
370
    25
100
AcDbCircle
 10
-55.1709657065
 20
-28.3840040202
 30
0.0
 40
0.0499999999999972
  0
CIRCLE
  5
43C
330
1F
100
AcDbEntity
  8
0
  6
Continuous
 62
     7
370
    25
100
AcDbCircle
 10
-55.1709657065
 20
-26.1840040202
 30
0.0
 40
0.0500000000000043
  0
CIRCLE
  5
43D
330
1F
100
AcDbEntity
  8
0
  6
Continuous
 62
     7
370
    25
100
AcDbCircle
 10
-55.1709657065
 20
-27.9840040202
 30
0.0
 40
0.0500000000000043
  0
CIRCLE
  5
43E
330
1F
100
AcDbEntity
  8
0
  6
Continuous
 62
     7
370
    25
100
AcDbCircle
 10
-55.1709657065
 20
-27.3840040202
 30
0.0
 40
0.0500000000000114
  0
CIRCLE
  5
43F
330
1F
100
AcDbEntity
  8
0
  6
Continuous
 62
     7
370
    25
100
AcDbCircle
 10
-55.1709657065
 20
-27.5840040202
 30
0.0
 40
0.0500000000000114
  0
CIRCLE
  5
440
330
1F
100
AcDbEntity
  8
0
  6
Continuous
 62
     7
370
    25
100
AcDbCircle
 10
-55.1709657065
 20
-28.5840040202
 30
0.0
 40
0.0500000000000043
  0
CIRCLE
  5
441
330
1F
100
AcDbEntity
  8
0
  6
Continuous
 62
     7
370
    25
100
AcDbCircle
 10
-56.1709657065
 20
-27.9840040202
 30
0.0
 40
0.0500000000000043
  0
CIRCLE
  5
442
330
1F
100
AcDbEntity
  8
0
  6
Continuous
 62
     7
370
    25
100
AcDbCircle
 10
-56.1709657065
 20
-27.3840040202
 30
0.0
 40
0.0500000000000043
  0
CIRCLE
  5
443
330
1F
100
AcDbEntity
  8
0
  6
Continuous
 62
     7
370
    25
100
AcDbCircle
 10
-56.1709657065
 20
-27.5840040202
 30
0.0
 40
0.0500000000000043
  0
CIRCLE
  5
444
330
1F
100
AcDbEntity
  8
0
  6
Continuous
 62
     7
370
    25
100
AcDbCircle
 10
-55.9709657065
 20
-27.7840040202
 30
0.0
 40
0.0500000000000043
  0
CIRCLE
  5
445
330
1F
100
AcDbEntity
  8
0
  6
Continuous
 62
     7
370
    25
100
AcDbCircle
 10
-56.1709657065
 20
-27.1840040202
 30
0.0
 40
0.0500000000000043
  0
CIRCLE
  5
446
330
1F
100
AcDbEntity
  8
0
  6
Continuous
 62
     7
370
    25
100
AcDbCircle
 10
-56.1709657065
 20
-26.5840040202
 30
0.0
 40
0.0499999999999972
  0
CIRCLE
  5
447
330
1F
100
AcDbEntity
  8
0
  6
Continuous
 62
     7
370
    25
100
AcDbCircle
 10
-56.1709657065
 20
-26.7840040202
 30
0.0
 40
0.0499999999999972
  0
CIRCLE
  5
448
330
1F
100
AcDbEntity
  8
0
  6
Continuous
 62
     7
370
    25
100
AcDbCircle
 10
-56.1709657065
 20
-27.7840040202
 30
0.0
 40
0.0500000000000114
  0
CIRCLE
  5
449
330
1F
100
AcDbEntity
  8
0
  6
Continuous
 62
     7
370
    25
100
AcDbCircle
 10
-55.9709657065
 20
-28.7840040202
 30
0.0
 40
0.0500000000000114
  0
CIRCLE
  5
44A
330
1F
100
AcDbEntity
  8
0
  6
Continuous
 62
     7
370
    25
100
AcDbCircle
 10
-55.9709657065
 20
-28.1840040202
 30
0.0
 40
0.0499999999999972
  0
CIRCLE
  5
44B
330
1F
100
AcDbEntity
  8
0
  6
Continuous
 62
     7
370
    25
100
AcDbCircle
 10
-55.9709657065
 20
-28.3840040202
 30
0.0
 40
0.0499999999999972
  0
CIRCLE
  5
44C
330
1F
100
AcDbEntity
  8
0
  6
Continuous
 62
     7
370
    25
100
AcDbCircle
 10
-55.9709657065
 20
-26.1840040202
 30
0.0
 40
0.0499999999999972
  0
CIRCLE
  5
44D
330
1F
100
AcDbEntity
  8
0
  6
Continuous
 62
     7
370
    25
100
AcDbCircle
 10
-55.9709657065
 20
-27.9840040202
 30
0.0
 40
0.0499999999999972
  0
CIRCLE
  5
44E
330
1F
100
AcDbEntity
  8
0
  6
Continuous
 62
     7
370
    25
100
AcDbCircle
 10
-55.9709657065
 20
-27.3840040202
 30
0.0
 40
0.0500000000000043
  0
CIRCLE
  5
44F
330
1F
100
AcDbEntity
  8
0
  6
Continuous
 62
     7
370
    25
100
AcDbCircle
 10
-55.9709657065
 20
-27.5840040202
 30
0.0
 40
0.0500000000000043
  0
CIRCLE
  5
450
330
1F
100
AcDbEntity
  8
0
  6
Continuous
 62
     7
370
    25
100
AcDbCircle
 10
-55.9709657065
 20
-28.5840040202
 30
0.0
 40
0.0499999999999972
  0
CIRCLE
  5
451
330
1F
100
AcDbEntity
  8
0
  6
Continuous
 62
     7
370
    25
100
AcDbCircle
 10
-54.9709657065
 20
-30.7840040202
 30
0.0
 40
0.0499999999999972
  0
CIRCLE
  5
452
330
1F
100
AcDbEntity
  8
0
  6
Continuous
 62
     7
370
    25
100
AcDbCircle
 10
-54.9709657065
 20
-31.3840040202
 30
0.0
 40
0.0500000000000043
  0
CIRCLE
  5
453
330
1F
100
AcDbEntity
  8
0
  6
Continuous
 62
     7
370
    25
100
AcDbCircle
 10
-54.9709657065
 20
-31.1840040202
 30
0.0
 40
0.0499999999999972
  0
CIRCLE
  5
454
330
1F
100
AcDbEntity
  8
0
  6
Continuous
 62
     7
370
    25
100
AcDbCircle
 10
-54.5709657065
 20
-31.7840040202
 30
0.0
 40
0.0499999999999972
  0
CIRCLE
  5
455
330
1F
100
AcDbEntity
  8
0
  6
Continuous
 62
     7
370
    25
100
AcDbCircle
 10
-54.9709657065
 20
-31.5840040202
 30
0.0
 40
0.0500000000000043
  0
CIRCLE
  5
456
330
1F
100
AcDbEntity
  8
0
  6
Continuous
 62
     7
370
    25
100
AcDbCircle
 10
-54.9709657065
 20
-32.1840040202
 30
0.0
 40
0.0500000000000043
  0
CIRCLE
  5
457
330
1F
100
AcDbEntity
  8
0
  6
Continuous
 62
     7
370
    25
100
AcDbCircle
 10
-54.9709657065
 20
-31.9840040202
 30
0.0
 40
0.0500000000000114
  0
CIRCLE
  5
458
330
1F
100
AcDbEntity
  8
0
  6
Continuous
 62
     7
370
    25
100
AcDbCircle
 10
-54.9709657065
 20
-30.9840040202
 30
0.0
 40
0.0499999999999972
  0
CIRCLE
  5
459
330
1F
100
AcDbEntity
  8
0
  6
Continuous
 62
     7
370
    25
100
AcDbCircle
 10
-54.5709657065
 20
-30.7840040202
 30
0.0
 40
0.0499999999999972
  0
CIRCLE
  5
45A
330
1F
100
AcDbEntity
  8
0
  6
Continuous
 62
     7
370
    25
100
AcDbCircle
 10
-54.5709657065
 20
-31.3840040202
 30
0.0
 40
0.0499999999999972
  0
CIRCLE
  5
45B
330
1F
100
AcDbEntity
  8
0
  6
Continuous
 62
     7
370
    25
100
AcDbCircle
 10
-54.5709657065
 20
-31.1840040202
 30
0.0
 40
0.0499999999999972
  0
CIRCLE
  5
45C
330
1F
100
AcDbEntity
  8
0
  6
Continuous
 62
     7
370
    25
100
AcDbCircle
 10
-54.3709657065
 20
-29.3840040202
 30
0.0
 40
0.0500000000000043
  0
CIRCLE
  5
45D
330
1F
100
AcDbEntity
  8
0
  6
Continuous
 62
     7
370
    25
100
AcDbCircle
 10
-54.5709657065
 20
-31.5840040202
 30
0.0
 40
0.0499999999999972
  0
CIRCLE
  5
45E
330
1F
100
AcDbEntity
  8
0
  6
Continuous
 62
     7
370
    25
100
AcDbCircle
 10
-54.5709657065
 20
-32.1840040202
 30
0.0
 40
0.0500000000000114
  0
CIRCLE
  5
45F
330
1F
100
AcDbEntity
  8
0
  6
Continuous
 62
     7
370
    25
100
AcDbCircle
 10
-54.5709657065
 20
-31.9840040202
 30
0.0
 40
0.0499999999999972
  0
CIRCLE
  5
460
330
1F
100
AcDbEntity
  8
0
  6
Continuous
 62
     7
370
    25
100
AcDbCircle
 10
-54.5709657065
 20
-30.9840040202
 30
0.0
 40
0.0499999999999972
  0
CIRCLE
  5
461
330
1F
100
AcDbEntity
  8
0
  6
Continuous
 62
     7
370
    25
100
AcDbCircle
 10
-54.7709657065
 20
-29.9840040202
 30
0.0
 40
0.0499999999999972
  0
CIRCLE
  5
462
330
1F
100
AcDbEntity
  8
0
  6
Continuous
 62
     7
370
    25
100
AcDbCircle
 10
-54.7709657065
 20
-30.5840040202
 30
0.0
 40
0.0500000000000114
  0
CIRCLE
  5
463
330
1F
100
AcDbEntity
  8
0
  6
Continuous
 62
     7
370
    25
100
AcDbCircle
 10
-54.7709657065
 20
-30.3840040202
 30
0.0
 40
0.0499999999999972
  0
CIRCLE
  5
464
330
1F
100
AcDbEntity
  8
0
  6
Continuous
 62
     7
370
    25
100
AcDbCircle
 10
-54.9709657065
 20
-30.1840040202
 30
0.0
 40
0.0500000000000043
  0
CIRCLE
  5
465
330
1F
100
AcDbEntity
  8
0
  6
Continuous
 62
     7
370
    25
100
AcDbCircle
 10
-54.7709657065
 20
-30.7840040202
 30
0.0
 40
0.0500000000000114
  0
CIRCLE
  5
466
330
1F
100
AcDbEntity
  8
0
  6
Continuous
 62
     7
370
    25
100
AcDbCircle
 10
-54.7709657065
 20
-31.3840040202
 30
0.0
 40
0.0500000000000043
  0
CIRCLE
  5
467
330
1F
100
AcDbEntity
  8
0
  6
Continuous
 62
     7
370
    25
100
AcDbCircle
 10
-54.7709657065
 20
-31.1840040202
 30
0.0
 40
0.0500000000000114
  0
CIRCLE
  5
468
330
1F
100
AcDbEntity
  8
0
  6
Continuous
 62
     7
370
    25
100
AcDbCircle
 10
-54.7709657065
 20
-30.1840040202
 30
0.0
 40
0.0499999999999972
  0
CIRCLE
  5
469
330
1F
100
AcDbEntity
  8
0
  6
Continuous
 62
     7
370
    25
100
AcDbCircle
 10
-51.9709657065
 20
-25.1840040202
 30
0.0
 40
0.0500000000000043
  0
CIRCLE
  5
46A
330
1F
100
AcDbEntity
  8
0
  6
Continuous
 62
     7
370
    25
100
AcDbCircle
 10
-54.9709657065
 20
-29.7840040202
 30
0.0
 40
0.0500000000000043
  0
CIRCLE
  5
46B
330
1F
100
AcDbEntity
  8
0
  6
Continuous
 62
     7
370
    25
100
AcDbCircle
 10
-54.9709657065
 20
-29.5840040202
 30
0.0
 40
0.0500000000000043
  0
CIRCLE
  5
46C
330
1F
100
AcDbEntity
  8
0
  6
Continuous
 62
     7
370
    25
100
AcDbCircle
 10
-54.9709657065
 20
-31.7840040202
 30
0.0
 40
0.0500000000000043
  0
CIRCLE
  5
46D
330
1F
100
AcDbEntity
  8
0
  6
Continuous
 62
     7
370
    25
100
AcDbCircle
 10
-54.9709657065
 20
-29.9840040202
 30
0.0
 40
0.0500000000000043
  0
CIRCLE
  5
46E
330
1F
100
AcDbEntity
  8
0
  6
Continuous
 62
     7
370
    25
100
AcDbCircle
 10
-54.9709657065
 20
-30.5840040202
 30
0.0
 40
0.0499999999999972
  0
CIRCLE
  5
46F
330
1F
100
AcDbEntity
  8
0
  6
Continuous
 62
     7
370
    25
100
AcDbCircle
 10
-54.9709657065
 20
-30.3840040202
 30
0.0
 40
0.0500000000000043
  0
CIRCLE
  5
470
330
1F
100
AcDbEntity
  8
0
  6
Continuous
 62
     7
370
    25
100
AcDbCircle
 10
-54.9709657065
 20
-29.3840040202
 30
0.0
 40
0.0500000000000043
  0
CIRCLE
  5
471
330
1F
100
AcDbEntity
  8
0
  6
Continuous
 62
     7
370
    25
100
AcDbCircle
 10
-54.7709657065
 20
-33.1840040202
 30
0.0
 40
0.0500000000000043
  0
CIRCLE
  5
472
330
1F
100
AcDbEntity
  8
0
  6
Continuous
 62
     7
370
    25
100
AcDbCircle
 10
-54.5709657065
 20
-29.7840040202
 30
0.0
 40
0.0500000000000114
  0
CIRCLE
  5
473
330
1F
100
AcDbEntity
  8
0
  6
Continuous
 62
     7
370
    25
100
AcDbCircle
 10
-54.5709657065
 20
-29.5840040202
 30
0.0
 40
0.0499999999999972
  0
CIRCLE
  5
474
330
1F
100
AcDbEntity
  8
0
  6
Continuous
 62
     7
370
    25
100
AcDbCircle
 10
-52.9709657065
 20
-31.7840040202
 30
0.0
 40
0.0500000000000114
  0
CIRCLE
  5
475
330
1F
100
AcDbEntity
  8
0
  6
Continuous
 62
     7
370
    25
100
AcDbCircle
 10
-54.5709657065
 20
-29.9840040202
 30
0.0
 40
0.0500000000000114
  0
CIRCLE
  5
476
330
1F
100
AcDbEntity
  8
0
  6
Continuous
 62
     7
370
    25
100
AcDbCircle
 10
-54.5709657065
 20
-30.5840040202
 30
0.0
 40
0.0499999999999972
  0
CIRCLE
  5
477
330
1F
100
AcDbEntity
  8
0
  6
Continuous
 62
     7
370
    25
100
AcDbCircle
 10
-54.5709657065
 20
-30.3840040202
 30
0.0
 40
0.0500000000000114
  0
CIRCLE
  5
478
330
1F
100
AcDbEntity
  8
0
  6
Continuous
 62
     7
370
    25
100
AcDbCircle
 10
-54.5709657065
 20
-29.3840040202
 30
0.0
 40
0.0499999999999972
  0
CIRCLE
  5
479
330
1F
100
AcDbEntity
  8
0
  6
Continuous
 62
     7
370
    25
100
AcDbCircle
 10
-52.9709657065
 20
-30.7840040202
 30
0.0
 40
0.0500000000000043
  0
CIRCLE
  5
47A
330
1F
100
AcDbEntity
  8
0
  6
Continuous
 62
     7
370
    25
100
AcDbCircle
 10
-52.9709657065
 20
-31.3840040202
 30
0.0
 40
0.0500000000000043
  0
CIRCLE
  5
47B
330
1F
100
AcDbEntity
  8
0
  6
Continuous
 62
     7
370
    25
100
AcDbCircle
 10
-52.9709657065
 20
-31.1840040202
 30
0.0
 40
0.0500000000000043
  0
CIRCLE
  5
47C
330
1F
100
AcDbEntity
  8
0
  6
Continuous
 62
     7
370
    25
100
AcDbCircle
 10
-52.7709657065
 20
-29.3840040202
 30
0.0
 40
0.0499999999999972
  0
CIRCLE
  5
47D
330
1F
100
AcDbEntity
  8
0
  6
Continuous
 62
     7
370
    25
100
AcDbCircle
 10
-52.9709657065
 20
-31.5840040202
 30
0.0
 40
0.0500000000000114
  0
CIRCLE
  5
47E
330
1F
100
AcDbEntity
  8
0
  6
Continuous
 62
     7
370
    25
100
AcDbCircle
 10
-52.9709657065
 20
-32.1840040202
 30
0.0
 40
0.0500000000000043
  0
CIRCLE
  5
47F
330
1F
100
AcDbEntity
  8
0
  6
Continuous
 62
     7
370
    25
100
AcDbCircle
 10
-52.9709657065
 20
-31.9840040202
 30
0.0
 40
0.0500000000000043
  0
CIRCLE
  5
480
330
1F
100
AcDbEntity
  8
0
  6
Continuous
 62
     7
370
    25
100
AcDbCircle
 10
-52.9709657065
 20
-30.9840040202
 30
0.0
 40
0.0500000000000043
  0
CIRCLE
  5
481
330
1F
100
AcDbEntity
  8
0
  6
Continuous
 62
     7
370
    25
100
AcDbCircle
 10
-54.5709657065
 20
-32.3840040202
 30
0.0
 40
0.0500000000000114
  0
CIRCLE
  5
482
330
1F
100
AcDbEntity
  8
0
  6
Continuous
 62
     7
370
    25
100
AcDbCircle
 10
-54.5709657065
 20
-32.9840040202
 30
0.0
 40
0.0499999999999972
  0
CIRCLE
  5
483
330
1F
100
AcDbEntity
  8
0
  6
Continuous
 62
     7
370
    25
100
AcDbCircle
 10
-54.5709657065
 20
-32.7840040202
 30
0.0
 40
0.0500000000000043
  0
CIRCLE
  5
484
330
1F
100
AcDbEntity
  8
0
  6
Continuous
 62
     7
370
    25
100
AcDbCircle
 10
-54.7709657065
 20
-32.5840040202
 30
0.0
 40
0.0499999999999972
  0
CIRCLE
  5
485
330
1F
100
AcDbEntity
  8
0
  6
Continuous
 62
     7
370
    25
100
AcDbCircle
 10
-54.5709657065
 20
-33.1840040202
 30
0.0
 40
0.0500000000000043
  0
CIRCLE
  5
486
330
1F
100
AcDbEntity
  8
0
  6
Continuous
 62
     7
370
    25
100
AcDbCircle
 10
-54.3709657065
 20
-29.7840040202
 30
0.0
 40
0.0499999999999972
  0
CIRCLE
  5
487
330
1F
100
AcDbEntity
  8
0
  6
Continuous
 62
     7
370
    25
100
AcDbCircle
 10
-54.3709657065
 20
-29.5840040202
 30
0.0
 40
0.0500000000000043
  0
CIRCLE
  5
488
330
1F
100
AcDbEntity
  8
0
  6
Continuous
 62
     7
370
    25
100
AcDbCircle
 10
-54.5709657065
 20
-32.5840040202
 30
0.0
 40
0.0500000000000114
  0
CIRCLE
  5
489
330
1F
100
AcDbEntity
  8
0
  6
Continuous
 62
     7
370
    25
100
AcDbCircle
 10
-54.7709657065
 20
-31.5840040202
 30
0.0
 40
0.0500000000000043
  0
CIRCLE
  5
48A
330
1F
100
AcDbEntity
  8
0
  6
Continuous
 62
     7
370
    25
100
AcDbCircle
 10
-54.7709657065
 20
-32.1840040202
 30
0.0
 40
0.0499999999999972
  0
CIRCLE
  5
48B
330
1F
100
AcDbEntity
  8
0
  6
Continuous
 62
     7
370
    25
100
AcDbCircle
 10
-54.7709657065
 20
-31.9840040202
 30
0.0
 40
0.0499999999999972
  0
CIRCLE
  5
48C
330
1F
100
AcDbEntity
  8
0
  6
Continuous
 62
     7
370
    25
100
AcDbCircle
 10
-54.5709657065
 20
-30.1840040202
 30
0.0
 40
0.0500000000000114
  0
CIRCLE
  5
48D
330
1F
100
AcDbEntity
  8
0
  6
Continuous
 62
     7
370
    25
100
AcDbCircle
 10
-54.7709657065
 20
-32.3840040202
 30
0.0
 40
0.0499999999999972
  0
CIRCLE
  5
48E
330
1F
100
AcDbEntity
  8
0
  6
Continuous
 62
     7
370
    25
100
AcDbCircle
 10
-54.7709657065
 20
-32.9840040202
 30
0.0
 40
0.0500000000000043
  0
CIRCLE
  5
48F
330
1F
100
AcDbEntity
  8
0
  6
Continuous
 62
     7
370
    25
100
AcDbCircle
 10
-54.7709657065
 20
-32.7840040202
 30
0.0
 40
0.0499999999999972
  0
CIRCLE
  5
490
330
1F
100
AcDbEntity
  8
0
  6
Continuous
 62
     7
370
    25
100
AcDbCircle
 10
-54.7709657065
 20
-31.7840040202
 30
0.0
 40
0.0500000000000043
  0
CIRCLE
  5
491
330
1F
100
AcDbEntity
  8
0
  6
Continuous
 62
     7
370
    25
100
AcDbCircle
 10
-54.3709657065
 20
-31.5840040202
 30
0.0
 40
0.0500000000000043
  0
CIRCLE
  5
492
330
1F
100
AcDbEntity
  8
0
  6
Continuous
 62
     7
370
    25
100
AcDbCircle
 10
-54.3709657065
 20
-32.1840040202
 30
0.0
 40
0.0499999999999972
  0
CIRCLE
  5
493
330
1F
100
AcDbEntity
  8
0
  6
Continuous
 62
     7
370
    25
100
AcDbCircle
 10
-54.3709657065
 20
-31.9840040202
 30
0.0
 40
0.0500000000000114
  0
CIRCLE
  5
494
330
1F
100
AcDbEntity
  8
0
  6
Continuous
 62
     7
370
    25
100
AcDbCircle
 10
-53.9709657065
 20
-32.5840040202
 30
0.0
 40
0.0500000000000043
  0
CIRCLE
  5
495
330
1F
100
AcDbEntity
  8
0
  6
Continuous
 62
     7
370
    25
100
AcDbCircle
 10
-54.3709657065
 20
-32.3840040202
 30
0.0
 40
0.0499999999999972
  0
CIRCLE
  5
496
330
1F
100
AcDbEntity
  8
0
  6
Continuous
 62
     7
370
    25
100
AcDbCircle
 10
-54.3709657065
 20
-32.9840040202
 30
0.0
 40
0.0499999999999901
  0
CIRCLE
  5
497
330
1F
100
AcDbEntity
  8
0
  6
Continuous
 62
     7
370
    25
100
AcDbCircle
 10
-54.3709657065
 20
-32.7840040202
 30
0.0
 40
0.0499999999999972
  0
CIRCLE
  5
498
330
1F
100
AcDbEntity
  8
0
  6
Continuous
 62
     7
370
    25
100
AcDbCircle
 10
-54.3709657065
 20
-31.7840040202
 30
0.0
 40
0.0500000000000043
  0
CIRCLE
  5
499
330
1F
100
AcDbEntity
  8
0
  6
Continuous
 62
     7
370
    25
100
AcDbCircle
 10
-53.9709657065
 20
-31.5840040202
 30
0.0
 40
0.0500000000000114
  0
CIRCLE
  5
49A
330
1F
100
AcDbEntity
  8
0
  6
Continuous
 62
     7
370
    25
100
AcDbCircle
 10
-53.9709657065
 20
-32.1840040202
 30
0.0
 40
0.0500000000000043
  0
CIRCLE
  5
49B
330
1F
100
AcDbEntity
  8
0
  6
Continuous
 62
     7
370
    25
100
AcDbCircle
 10
-53.9709657065
 20
-31.9840040202
 30
0.0
 40
0.0500000000000043
  0
CIRCLE
  5
49C
330
1F
100
AcDbEntity
  8
0
  6
Continuous
 62
     7
370
    25
100
AcDbCircle
 10
-53.7709657065
 20
-30.1840040202
 30
0.0
 40
0.0499999999999972
  0
CIRCLE
  5
49D
330
1F
100
AcDbEntity
  8
0
  6
Continuous
 62
     7
370
    25
100
AcDbCircle
 10
-53.9709657065
 20
-32.3840040202
 30
0.0
 40
0.0500000000000043
  0
CIRCLE
  5
49E
330
1F
100
AcDbEntity
  8
0
  6
Continuous
 62
     7
370
    25
100
AcDbCircle
 10
-53.9709657065
 20
-32.9840040202
 30
0.0
 40
0.0499999999999901
  0
CIRCLE
  5
49F
330
1F
100
AcDbEntity
  8
0
  6
Continuous
 62
     7
370
    25
100
AcDbCircle
 10
-53.9709657065
 20
-32.7840040202
 30
0.0
 40
0.0500000000000043
  0
CIRCLE
  5
4A0
330
1F
100
AcDbEntity
  8
0
  6
Continuous
 62
     7
370
    25
100
AcDbCircle
 10
-53.9709657065
 20
-31.7840040202
 30
0.0
 40
0.0500000000000114
  0
CIRCLE
  5
4A1
330
1F
100
AcDbEntity
  8
0
  6
Continuous
 62
     7
370
    25
100
AcDbCircle
 10
-54.1709657065
 20
-30.7840040202
 30
0.0
 40
0.0500000000000043
  0
CIRCLE
  5
4A2
330
1F
100
AcDbEntity
  8
0
  6
Continuous
 62
     7
370
    25
100
AcDbCircle
 10
-54.1709657065
 20
-31.3840040202
 30
0.0
 40
0.0500000000000043
  0
CIRCLE
  5
4A3
330
1F
100
AcDbEntity
  8
0
  6
Continuous
 62
     7
370
    25
100
AcDbCircle
 10
-54.1709657065
 20
-31.1840040202
 30
0.0
 40
0.0499999999999972
  0
CIRCLE
  5
4A4
330
1F
100
AcDbEntity
  8
0
  6
Continuous
 62
     7
370
    25
100
AcDbCircle
 10
-54.3709657065
 20
-30.9840040202
 30
0.0
 40
0.0500000000000114
  0
CIRCLE
  5
4A5
330
1F
100
AcDbEntity
  8
0
  6
Continuous
 62
     7
370
    25
100
AcDbCircle
 10
-54.1709657065
 20
-31.5840040202
 30
0.0
 40
0.0499999999999972
  0
CIRCLE
  5
4A6
330
1F
100
AcDbEntity
  8
0
  6
Continuous
 62
     7
370
    25
100
AcDbCircle
 10
-54.1709657065
 20
-32.1840040202
 30
0.0
 40
0.0499999999999972
  0
CIRCLE
  5
4A7
330
1F
100
AcDbEntity
  8
0
  6
Continuous
 62
     7
370
    25
100
AcDbCircle
 10
-54.1709657065
 20
-31.9840040202
 30
0.0
 40
0.0500000000000043
  0
CIRCLE
  5
4A8
330
1F
100
AcDbEntity
  8
0
  6
Continuous
 62
     7
370
    25
100
AcDbCircle
 10
-54.1709657065
 20
-30.9840040202
 30
0.0
 40
0.0500000000000043
  0
CIRCLE
  5
4A9
330
1F
100
AcDbEntity
  8
0
  6
Continuous
 62
     7
370
    25
100
AcDbCircle
 10
-54.3709657065
 20
-29.9840040202
 30
0.0
 40
0.0499999999999972
  0
CIRCLE
  5
4AA
330
1F
100
AcDbEntity
  8
0
  6
Continuous
 62
     7
370
    25
100
AcDbCircle
 10
-54.3709657065
 20
-30.5840040202
 30
0.0
 40
0.0499999999999972
  0
CIRCLE
  5
4AB
330
1F
100
AcDbEntity
  8
0
  6
Continuous
 62
     7
370
    25
100
AcDbCircle
 10
-54.3709657065
 20
-30.3840040202
 30
0.0
 40
0.0499999999999972
  0
CIRCLE
  5
4AC
330
1F
100
AcDbEntity
  8
0
  6
Continuous
 62
     7
370
    25
100
AcDbCircle
 10
-54.3709657065
 20
-32.5840040202
 30
0.0
 40
0.0499999999999972
  0
CIRCLE
  5
4AD
330
1F
100
AcDbEntity
  8
0
  6
Continuous
 62
     7
370
    25
100
AcDbCircle
 10
-54.3709657065
 20
-30.7840040202
 30
0.0
 40
0.0500000000000114
  0
CIRCLE
  5
4AE
330
1F
100
AcDbEntity
  8
0
  6
Continuous
 62
     7
370
    25
100
AcDbCircle
 10
-54.3709657065
 20
-31.3840040202
 30
0.0
 40
0.0500000000000114
  0
CIRCLE
  5
4AF
330
1F
100
AcDbEntity
  8
0
  6
Continuous
 62
     7
370
    25
100
AcDbCircle
 10
-54.3709657065
 20
-31.1840040202
 30
0.0
 40
0.0499999999999972
  0
CIRCLE
  5
4B0
330
1F
100
AcDbEntity
  8
0
  6
Continuous
 62
     7
370
    25
100
AcDbCircle
 10
-54.3709657065
 20
-30.1840040202
 30
0.0
 40
0.0499999999999972
  0
CIRCLE
  5
4B1
330
1F
100
AcDbEntity
  8
0
  6
Continuous
 62
     7
370
    25
100
AcDbCircle
 10
-53.9709657065
 20
-29.9840040202
 30
0.0
 40
0.0500000000000043
  0
CIRCLE
  5
4B2
330
1F
100
AcDbEntity
  8
0
  6
Continuous
 62
     7
370
    25
100
AcDbCircle
 10
-53.9709657065
 20
-30.5840040202
 30
0.0
 40
0.0500000000000114
  0
CIRCLE
  5
4B3
330
1F
100
AcDbEntity
  8
0
  6
Continuous
 62
     7
370
    25
100
AcDbCircle
 10
-53.9709657065
 20
-30.3840040202
 30
0.0
 40
0.0500000000000043
  0
CIRCLE
  5
4B4
330
1F
100
AcDbEntity
  8
0
  6
Continuous
 62
     7
370
    25
100
AcDbCircle
 10
-54.7709657065
 20
-29.3840040202
 30
0.0
 40
0.0500000000000043
  0
CIRCLE
  5
4B5
330
1F
100
AcDbEntity
  8
0
  6
Continuous
 62
     7
370
    25
100
AcDbCircle
 10
-53.9709657065
 20
-30.7840040202
 30
0.0
 40
0.0499999999999972
  0
CIRCLE
  5
4B6
330
1F
100
AcDbEntity
  8
0
  6
Continuous
 62
     7
370
    25
100
AcDbCircle
 10
-53.9709657065
 20
-31.3840040202
 30
0.0
 40
0.0500000000000114
  0
CIRCLE
  5
4B7
330
1F
100
AcDbEntity
  8
0
  6
Continuous
 62
     7
370
    25
100
AcDbCircle
 10
-53.9709657065
 20
-31.1840040202
 30
0.0
 40
0.0499999999999972
  0
CIRCLE
  5
4B8
330
1F
100
AcDbEntity
  8
0
  6
Continuous
 62
     7
370
    25
100
AcDbCircle
 10
-53.9709657065
 20
-30.1840040202
 30
0.0
 40
0.0500000000000043
  0
CIRCLE
  5
4B9
330
1F
100
AcDbEntity
  8
0
  6
Continuous
 62
     7
370
    25
100
AcDbCircle
 10
-54.9709657065
 20
-32.3840040202
 30
0.0
 40
0.0499999999999972
  0
CIRCLE
  5
4BA
330
1F
100
AcDbEntity
  8
0
  6
Continuous
 62
     7
370
    25
100
AcDbCircle
 10
-54.9709657065
 20
-32.9840040202
 30
0.0
 40
0.0499999999999972
  0
CIRCLE
  5
4BB
330
1F
100
AcDbEntity
  8
0
  6
Continuous
 62
     7
370
    25
100
AcDbCircle
 10
-54.9709657065
 20
-32.7840040202
 30
0.0
 40
0.0500000000000043
  0
CIRCLE
  5
4BC
330
1F
100
AcDbEntity
  8
0
  6
Continuous
 62
     7
370
    25
100
AcDbCircle
 10
-54.7709657065
 20
-30.9840040202
 30
0.0
 40
0.0500000000000114
  0
CIRCLE
  5
4BD
330
1F
100
AcDbEntity
  8
0
  6
Continuous
 62
     7
370
    25
100
AcDbCircle
 10
-54.9709657065
 20
-33.1840040202
 30
0.0
 40
0.0500000000000043
  0
CIRCLE
  5
4BE
330
1F
100
AcDbEntity
  8
0
  6
Continuous
 62
     7
370
    25
100
AcDbCircle
 10
-54.7709657065
 20
-29.7840040202
 30
0.0
 40
0.0499999999999972
  0
CIRCLE
  5
4BF
330
1F
100
AcDbEntity
  8
0
  6
Continuous
 62
     7
370
    25
100
AcDbCircle
 10
-54.7709657065
 20
-29.5840040202
 30
0.0
 40
0.0499999999999972
  0
CIRCLE
  5
4C0
330
1F
100
AcDbEntity
  8
0
  6
Continuous
 62
     7
370
    25
100
AcDbCircle
 10
-54.9709657065
 20
-32.5840040202
 30
0.0
 40
0.0500000000000043
  0
CIRCLE
  5
4C1
330
1F
100
AcDbEntity
  8
0
  6
Continuous
 62
     7
370
    25
100
AcDbCircle
 10
-53.9709657065
 20
-29.3840040202
 30
0.0
 40
0.0500000000000043
  0
CIRCLE
  5
4C2
330
1F
100
AcDbEntity
  8
0
  6
Continuous
 62
     7
370
    25
100
AcDbCircle
 10
-53.7709657065
 20
-29.5840040202
 30
0.0
 40
0.0500000000000043
  0
CIRCLE
  5
4C3
330
1F
100
AcDbEntity
  8
0
  6
Continuous
 62
     7
370
    25
100
AcDbCircle
 10
-53.7709657065
 20
-29.7840040202
 30
0.0
 40
0.0499999999999972
  0
CIRCLE
  5
4C4
330
1F
100
AcDbEntity
  8
0
  6
Continuous
 62
     7
370
    25
100
AcDbCircle
 10
-53.9709657065
 20
-33.1840040202
 30
0.0
 40
0.0499999999999972
  0
CIRCLE
  5
4C5
330
1F
100
AcDbEntity
  8
0
  6
Continuous
 62
     7
370
    25
100
AcDbCircle
 10
-53.7709657065
 20
-29.9840040202
 30
0.0
 40
0.0499999999999972
  0
CIRCLE
  5
4C6
330
1F
100
AcDbEntity
  8
0
  6
Continuous
 62
     7
370
    25
100
AcDbCircle
 10
-53.7709657065
 20
-30.5840040202
 30
0.0
 40
0.0500000000000043
  0
CIRCLE
  5
4C7
330
1F
100
AcDbEntity
  8
0
  6
Continuous
 62
     7
370
    25
100
AcDbCircle
 10
-53.7709657065
 20
-30.3840040202
 30
0.0
 40
0.0499999999999972
  0
CIRCLE
  5
4C8
330
1F
100
AcDbEntity
  8
0
  6
Continuous
 62
     7
370
    25
100
AcDbCircle
 10
-53.7709657065
 20
-29.3840040202
 30
0.0
 40
0.0500000000000043
  0
CIRCLE
  5
4C9
330
1F
100
AcDbEntity
  8
0
  6
Continuous
 62
     7
370
    25
100
AcDbCircle
 10
-54.1709657065
 20
-32.3840040202
 30
0.0
 40
0.0499999999999972
  0
CIRCLE
  5
4CA
330
1F
100
AcDbEntity
  8
0
  6
Continuous
 62
     7
370
    25
100
AcDbCircle
 10
-54.1709657065
 20
-32.9840040202
 30
0.0
 40
0.0500000000000043
  0
CIRCLE
  5
4CB
330
1F
100
AcDbEntity
  8
0
  6
Continuous
 62
     7
370
    25
100
AcDbCircle
 10
-54.1709657065
 20
-32.7840040202
 30
0.0
 40
0.0499999999999972
  0
CIRCLE
  5
4CC
330
1F
100
AcDbEntity
  8
0
  6
Continuous
 62
     7
370
    25
100
AcDbCircle
 10
-53.9709657065
 20
-30.9840040202
 30
0.0
 40
0.0499999999999972
  0
CIRCLE
  5
4CD
330
1F
100
AcDbEntity
  8
0
  6
Continuous
 62
     7
370
    25
100
AcDbCircle
 10
-54.1709657065
 20
-33.1840040202
 30
0.0
 40
0.0500000000000114
  0
CIRCLE
  5
4CE
330
1F
100
AcDbEntity
  8
0
  6
Continuous
 62
     7
370
    25
100
AcDbCircle
 10
-53.9709657065
 20
-29.7840040202
 30
0.0
 40
0.0500000000000043
  0
CIRCLE
  5
4CF
330
1F
100
AcDbEntity
  8
0
  6
Continuous
 62
     7
370
    25
100
AcDbCircle
 10
-53.9709657065
 20
-29.5840040202
 30
0.0
 40
0.0500000000000114
  0
CIRCLE
  5
4D0
330
1F
100
AcDbEntity
  8
0
  6
Continuous
 62
     7
370
    25
100
AcDbCircle
 10
-54.1709657065
 20
-32.5840040202
 30
0.0
 40
0.0499999999999972
  0
CIRCLE
  5
4D1
330
1F
100
AcDbEntity
  8
0
  6
Continuous
 62
     7
370
    25
100
AcDbCircle
 10
-53.7709657065
 20
-32.3840040202
 30
0.0
 40
0.0499999999999972
  0
CIRCLE
  5
4D2
330
1F
100
AcDbEntity
  8
0
  6
Continuous
 62
     7
370
    25
100
AcDbCircle
 10
-53.7709657065
 20
-32.9840040202
 30
0.0
 40
0.0499999999999901
  0
CIRCLE
  5
4D3
330
1F
100
AcDbEntity
  8
0
  6
Continuous
 62
     7
370
    25
100
AcDbCircle
 10
-53.7709657065
 20
-32.7840040202
 30
0.0
 40
0.0499999999999972
  0
CIRCLE
  5
4D4
330
1F
100
AcDbEntity
  8
0
  6
Continuous
 62
     7
370
    25
100
AcDbCircle
 10
-53.1709657065
 20
-29.3840040202
 30
0.0
 40
0.0500000000000114
  0
CIRCLE
  5
4D5
330
1F
100
AcDbEntity
  8
0
  6
Continuous
 62
     7
370
    25
100
AcDbCircle
 10
-53.7709657065
 20
-33.1840040202
 30
0.0
 40
0.0500000000000043
  0
CIRCLE
  5
4D6
330
1F
100
AcDbEntity
  8
0
  6
Continuous
 62
     7
370
    25
100
AcDbCircle
 10
-53.5709657065
 20
-29.7840040202
 30
0.0
 40
0.0500000000000043
  0
CIRCLE
  5
4D7
330
1F
100
AcDbEntity
  8
0
  6
Continuous
 62
     7
370
    25
100
AcDbCircle
 10
-53.5709657065
 20
-29.5840040202
 30
0.0
 40
0.0499999999999901
  0
CIRCLE
  5
4D8
330
1F
100
AcDbEntity
  8
0
  6
Continuous
 62
     7
370
    25
100
AcDbCircle
 10
-53.7709657065
 20
-32.5840040202
 30
0.0
 40
0.0499999999999972
  0
CIRCLE
  5
4D9
330
1F
100
AcDbEntity
  8
0
  6
Continuous
 62
     7
370
    25
100
AcDbCircle
 10
-53.3709657065
 20
-32.3840040202
 30
0.0
 40
0.0500000000000043
  0
CIRCLE
  5
4DA
330
1F
100
AcDbEntity
  8
0
  6
Continuous
 62
     7
370
    25
100
AcDbCircle
 10
-53.3709657065
 20
-32.9840040202
 30
0.0
 40
0.0499999999999972
  0
CIRCLE
  5
4DB
330
1F
100
AcDbEntity
  8
0
  6
Continuous
 62
     7
370
    25
100
AcDbCircle
 10
-53.3709657065
 20
-32.7840040202
 30
0.0
 40
0.0500000000000043
  0
CIRCLE
  5
4DC
330
1F
100
AcDbEntity
  8
0
  6
Continuous
 62
     7
370
    25
100
AcDbCircle
 10
-53.1709657065
 20
-30.9840040202
 30
0.0
 40
0.0500000000000114
  0
CIRCLE
  5
4DD
330
1F
100
AcDbEntity
  8
0
  6
Continuous
 62
     7
370
    25
100
AcDbCircle
 10
-53.3709657065
 20
-33.1840040202
 30
0.0
 40
0.0499999999999972
  0
CIRCLE
  5
4DE
330
1F
100
AcDbEntity
  8
0
  6
Continuous
 62
     7
370
    25
100
AcDbCircle
 10
-53.1709657065
 20
-29.7840040202
 30
0.0
 40
0.0500000000000114
  0
CIRCLE
  5
4DF
330
1F
100
AcDbEntity
  8
0
  6
Continuous
 62
     7
370
    25
100
AcDbCircle
 10
-53.1709657065
 20
-29.5840040202
 30
0.0
 40
0.0499999999999972
  0
CIRCLE
  5
4E0
330
1F
100
AcDbEntity
  8
0
  6
Continuous
 62
     7
370
    25
100
AcDbCircle
 10
-53.3709657065
 20
-32.5840040202
 30
0.0
 40
0.0500000000000043
  0
CIRCLE
  5
4E1
330
1F
100
AcDbEntity
  8
0
  6
Continuous
 62
     7
370
    25
100
AcDbCircle
 10
-53.5709657065
 20
-31.5840040202
 30
0.0
 40
0.0500000000000114
  0
CIRCLE
  5
4E2
330
1F
100
AcDbEntity
  8
0
  6
Continuous
 62
     7
370
    25
100
AcDbCircle
 10
-53.5709657065
 20
-32.1840040202
 30
0.0
 40
0.0499999999999972
  0
CIRCLE
  5
4E3
330
1F
100
AcDbEntity
  8
0
  6
Continuous
 62
     7
370
    25
100
AcDbCircle
 10
-53.5709657065
 20
-31.9840040202
 30
0.0
 40
0.0500000000000114
  0
CIRCLE
  5
4E4
330
1F
100
AcDbEntity
  8
0
  6
Continuous
 62
     7
370
    25
100
AcDbCircle
 10
-53.7709657065
 20
-31.7840040202
 30
0.0
 40
0.0499999999999972
  0
CIRCLE
  5
4E5
330
1F
100
AcDbEntity
  8
0
  6
Continuous
 62
     7
370
    25
100
AcDbCircle
 10
-53.5709657065
 20
-32.3840040202
 30
0.0
 40
0.0499999999999972
  0
CIRCLE
  5
4E6
330
1F
100
AcDbEntity
  8
0
  6
Continuous
 62
     7
370
    25
100
AcDbCircle
 10
-53.5709657065
 20
-32.9840040202
 30
0.0
 40
0.0500000000000043
  0
CIRCLE
  5
4E7
330
1F
100
AcDbEntity
  8
0
  6
Continuous
 62
     7
370
    25
100
AcDbCircle
 10
-53.5709657065
 20
-32.7840040202
 30
0.0
 40
0.0499999999999972
  0
CIRCLE
  5
4E8
330
1F
100
AcDbEntity
  8
0
  6
Continuous
 62
     7
370
    25
100
AcDbCircle
 10
-53.5709657065
 20
-31.7840040202
 30
0.0
 40
0.0500000000000114
  0
CIRCLE
  5
4E9
330
1F
100
AcDbEntity
  8
0
  6
Continuous
 62
     7
370
    25
100
AcDbCircle
 10
-53.7709657065
 20
-30.7840040202
 30
0.0
 40
0.0500000000000043
  0
CIRCLE
  5
4EA
330
1F
100
AcDbEntity
  8
0
  6
Continuous
 62
     7
370
    25
100
AcDbCircle
 10
-53.7709657065
 20
-31.3840040202
 30
0.0
 40
0.0499999999999972
  0
CIRCLE
  5
4EB
330
1F
100
AcDbEntity
  8
0
  6
Continuous
 62
     7
370
    25
100
AcDbCircle
 10
-53.7709657065
 20
-31.1840040202
 30
0.0
 40
0.0500000000000043
  0
CIRCLE
  5
4EC
330
1F
100
AcDbEntity
  8
0
  6
Continuous
 62
     7
370
    25
100
AcDbCircle
 10
-53.5709657065
 20
-29.3840040202
 30
0.0
 40
0.0500000000000043
  0
CIRCLE
  5
4ED
330
1F
100
AcDbEntity
  8
0
  6
Continuous
 62
     7
370
    25
100
AcDbCircle
 10
-53.7709657065
 20
-31.5840040202
 30
0.0
 40
0.0499999999999972
  0
CIRCLE
  5
4EE
330
1F
100
AcDbEntity
  8
0
  6
Continuous
 62
     7
370
    25
100
AcDbCircle
 10
-53.7709657065
 20
-32.1840040202
 30
0.0
 40
0.0499999999999972
  0
CIRCLE
  5
4EF
330
1F
100
AcDbEntity
  8
0
  6
Continuous
 62
     7
370
    25
100
AcDbCircle
 10
-53.7709657065
 20
-31.9840040202
 30
0.0
 40
0.0499999999999972
  0
CIRCLE
  5
4F0
330
1F
100
AcDbEntity
  8
0
  6
Continuous
 62
     7
370
    25
100
AcDbCircle
 10
-53.7709657065
 20
-30.9840040202
 30
0.0
 40
0.0500000000000043
  0
CIRCLE
  5
4F1
330
1F
100
AcDbEntity
  8
0
  6
Continuous
 62
     7
370
    25
100
AcDbCircle
 10
-53.3709657065
 20
-30.7840040202
 30
0.0
 40
0.0500000000000043
  0
CIRCLE
  5
4F2
330
1F
100
AcDbEntity
  8
0
  6
Continuous
 62
     7
370
    25
100
AcDbCircle
 10
-53.3709657065
 20
-31.3840040202
 30
0.0
 40
0.0500000000000043
  0
CIRCLE
  5
4F3
330
1F
100
AcDbEntity
  8
0
  6
Continuous
 62
     7
370
    25
100
AcDbCircle
 10
-53.3709657065
 20
-31.1840040202
 30
0.0
 40
0.0500000000000043
  0
CIRCLE
  5
4F4
330
1F
100
AcDbEntity
  8
0
  6
Continuous
 62
     7
370
    25
100
AcDbCircle
 10
-54.5709657065
 20
-25.5840040202
 30
0.0
 40
0.0500000000000043
  0
CIRCLE
  5
4F5
330
1F
100
AcDbEntity
  8
0
  6
Continuous
 62
     7
370
    25
100
AcDbCircle
 10
-53.3709657065
 20
-31.5840040202
 30
0.0
 40
0.0500000000000043
  0
CIRCLE
  5
4F6
330
1F
100
AcDbEntity
  8
0
  6
Continuous
 62
     7
370
    25
100
AcDbCircle
 10
-53.3709657065
 20
-32.1840040202
 30
0.0
 40
0.0500000000000043
  0
CIRCLE
  5
4F7
330
1F
100
AcDbEntity
  8
0
  6
Continuous
 62
     7
370
    25
100
AcDbCircle
 10
-53.3709657065
 20
-31.9840040202
 30
0.0
 40
0.0500000000000043
  0
CIRCLE
  5
4F8
330
1F
100
AcDbEntity
  8
0
  6
Continuous
 62
     7
370
    25
100
AcDbCircle
 10
-53.3709657065
 20
-30.9840040202
 30
0.0
 40
0.0500000000000043
  0
CIRCLE
  5
4F9
330
1F
100
AcDbEntity
  8
0
  6
Continuous
 62
     7
370
    25
100
AcDbCircle
 10
-54.3709657065
 20
-28.5840040202
 30
0.0
 40
0.0499999999999972
  0
CIRCLE
  5
4FA
330
1F
100
AcDbEntity
  8
0
  6
Continuous
 62
     7
370
    25
100
AcDbCircle
 10
-54.5709657065
 20
-25.1840040202
 30
0.0
 40
0.0500000000000043
  0
CIRCLE
  5
4FB
330
1F
100
AcDbEntity
  8
0
  6
Continuous
 62
     7
370
    25
100
AcDbCircle
 10
-54.3709657065
 20
-28.9840040202
 30
0.0
 40
0.0500000000000043
  0
CIRCLE
  5
4FC
330
1F
100
AcDbEntity
  8
0
  6
Continuous
 62
     7
370
    25
100
AcDbCircle
 10
-54.5709657065
 20
-27.1840040202
 30
0.0
 40
0.0500000000000043
  0
CIRCLE
  5
4FD
330
1F
100
AcDbEntity
  8
0
  6
Continuous
 62
     7
370
    25
100
AcDbCircle
 10
-54.5709657065
 20
-25.3840040202
 30
0.0
 40
0.0500000000000043
  0
CIRCLE
  5
4FE
330
1F
100
AcDbEntity
  8
0
  6
Continuous
 62
     7
370
    25
100
AcDbCircle
 10
-54.5709657065
 20
-25.9840040202
 30
0.0
 40
0.0500000000000043
  0
CIRCLE
  5
4FF
330
1F
100
AcDbEntity
  8
0
  6
Continuous
 62
     7
370
    25
100
AcDbCircle
 10
-54.5709657065
 20
-25.7840040202
 30
0.0
 40
0.0500000000000043
  0
CIRCLE
  5
500
330
1F
100
AcDbEntity
  8
0
  6
Continuous
 62
     7
370
    25
100
AcDbCircle
 10
-54.3709657065
 20
-28.7840040202
 30
0.0
 40
0.0499999999999829
  0
CIRCLE
  5
501
330
1F
100
AcDbEntity
  8
0
  6
Continuous
 62
     7
370
    25
100
AcDbCircle
 10
-53.1709657065
 20
-29.9840040202
 30
0.0
 40
0.0500000000000114
  0
CIRCLE
  5
502
330
1F
100
AcDbEntity
  8
0
  6
Continuous
 62
     7
370
    25
100
AcDbCircle
 10
-53.1709657065
 20
-30.5840040202
 30
0.0
 40
0.0499999999999972
  0
CIRCLE
  5
503
330
1F
100
AcDbEntity
  8
0
  6
Continuous
 62
     7
370
    25
100
AcDbCircle
 10
-53.1709657065
 20
-30.3840040202
 30
0.0
 40
0.0500000000000114
  0
CIRCLE
  5
504
330
1F
100
AcDbEntity
  8
0
  6
Continuous
 62
     7
370
    25
100
AcDbCircle
 10
-53.3709657065
 20
-30.1840040202
 30
0.0
 40
0.0500000000000043
  0
CIRCLE
  5
505
330
1F
100
AcDbEntity
  8
0
  6
Continuous
 62
     7
370
    25
100
AcDbCircle
 10
-53.1709657065
 20
-30.7840040202
 30
0.0
 40
0.0500000000000114
  0
CIRCLE
  5
506
330
1F
100
AcDbEntity
  8
0
  6
Continuous
 62
     7
370
    25
100
AcDbCircle
 10
-53.1709657065
 20
-31.3840040202
 30
0.0
 40
0.0500000000000185
  0
CIRCLE
  5
507
330
1F
100
AcDbEntity
  8
0
  6
Continuous
 62
     7
370
    25
100
AcDbCircle
 10
-53.1709657065
 20
-31.1840040202
 30
0.0
 40
0.0499999999999972
  0
CIRCLE
  5
508
330
1F
100
AcDbEntity
  8
0
  6
Continuous
 62
     7
370
    25
100
AcDbCircle
 10
-53.1709657065
 20
-30.1840040202
 30
0.0
 40
0.0500000000000043
  0
CIRCLE
  5
509
330
1F
100
AcDbEntity
  8
0
  6
Continuous
 62
     7
370
    25
100
AcDbCircle
 10
-53.5709657065
 20
-33.1840040202
 30
0.0
 40
0.0500000000000043
  0
CIRCLE
  5
50A
330
1F
100
AcDbEntity
  8
0
  6
Continuous
 62
     7
370
    25
100
AcDbCircle
 10
-53.3709657065
 20
-29.7840040202
 30
0.0
 40
0.0500000000000043
  0
CIRCLE
  5
50B
330
1F
100
AcDbEntity
  8
0
  6
Continuous
 62
     7
370
    25
100
AcDbCircle
 10
-53.3709657065
 20
-29.5840040202
 30
0.0
 40
0.0500000000000043
  0
CIRCLE
  5
50C
330
1F
100
AcDbEntity
  8
0
  6
Continuous
 62
     7
370
    25
100
AcDbCircle
 10
-53.3709657065
 20
-31.7840040202
 30
0.0
 40
0.0500000000000043
  0
CIRCLE
  5
50D
330
1F
100
AcDbEntity
  8
0
  6
Continuous
 62
     7
370
    25
100
AcDbCircle
 10
-53.3709657065
 20
-29.9840040202
 30
0.0
 40
0.0500000000000043
  0
CIRCLE
  5
50E
330
1F
100
AcDbEntity
  8
0
  6
Continuous
 62
     7
370
    25
100
AcDbCircle
 10
-53.3709657065
 20
-30.5840040202
 30
0.0
 40
0.0500000000000043
  0
CIRCLE
  5
50F
330
1F
100
AcDbEntity
  8
0
  6
Continuous
 62
     7
370
    25
100
AcDbCircle
 10
-53.3709657065
 20
-30.3840040202
 30
0.0
 40
0.0500000000000043
  0
CIRCLE
  5
510
330
1F
100
AcDbEntity
  8
0
  6
Continuous
 62
     7
370
    25
100
AcDbCircle
 10
-53.3709657065
 20
-29.3840040202
 30
0.0
 40
0.0500000000000043
  0
CIRCLE
  5
511
330
1F
100
AcDbEntity
  8
0
  6
Continuous
 62
     7
370
    25
100
AcDbCircle
 10
-53.1709657065
 20
-33.1840040202
 30
0.0
 40
0.0500000000000043
  0
CIRCLE
  5
512
330
1F
100
AcDbEntity
  8
0
  6
Continuous
 62
     7
370
    25
100
AcDbCircle
 10
-52.9709657065
 20
-29.7840040202
 30
0.0
 40
0.0500000000000043
  0
CIRCLE
  5
513
330
1F
100
AcDbEntity
  8
0
  6
Continuous
 62
     7
370
    25
100
AcDbCircle
 10
-52.9709657065
 20
-29.5840040202
 30
0.0
 40
0.0500000000000043
  0
CIRCLE
  5
514
330
1F
100
AcDbEntity
  8
0
  6
Continuous
 62
     7
370
    25
100
AcDbCircle
 10
-52.5709657065
 20
-30.1840040202
 30
0.0
 40
0.0500000000000114
  0
CIRCLE
  5
515
330
1F
100
AcDbEntity
  8
0
  6
Continuous
 62
     7
370
    25
100
AcDbCircle
 10
-52.9709657065
 20
-29.9840040202
 30
0.0
 40
0.0500000000000043
  0
CIRCLE
  5
516
330
1F
100
AcDbEntity
  8
0
  6
Continuous
 62
     7
370
    25
100
AcDbCircle
 10
-52.9709657065
 20
-30.5840040202
 30
0.0
 40
0.0500000000000043
  0
CIRCLE
  5
517
330
1F
100
AcDbEntity
  8
0
  6
Continuous
 62
     7
370
    25
100
AcDbCircle
 10
-52.9709657065
 20
-30.3840040202
 30
0.0
 40
0.0500000000000043
  0
CIRCLE
  5
518
330
1F
100
AcDbEntity
  8
0
  6
Continuous
 62
     7
370
    25
100
AcDbCircle
 10
-52.9709657065
 20
-29.3840040202
 30
0.0
 40
0.0500000000000043
  0
CIRCLE
  5
519
330
1F
100
AcDbEntity
  8
0
  6
Continuous
 62
     7
370
    25
100
AcDbCircle
 10
-52.7709657065
 20
-33.1840040202
 30
0.0
 40
0.0500000000000043
  0
CIRCLE
  5
51A
330
1F
100
AcDbEntity
  8
0
  6
Continuous
 62
     7
370
    25
100
AcDbCircle
 10
-52.5709657065
 20
-29.7840040202
 30
0.0
 40
0.0500000000000114
  0
CIRCLE
  5
51B
330
1F
100
AcDbEntity
  8
0
  6
Continuous
 62
     7
370
    25
100
AcDbCircle
 10
-52.5709657065
 20
-29.5840040202
 30
0.0
 40
0.0500000000000114
  0
CIRCLE
  5
51C
330
1F
100
AcDbEntity
  8
0
  6
Continuous
 62
     7
370
    25
100
AcDbCircle
 10
-52.5709657065
 20
-31.7840040202
 30
0.0
 40
0.0499999999999972
  0
CIRCLE
  5
51D
330
1F
100
AcDbEntity
  8
0
  6
Continuous
 62
     7
370
    25
100
AcDbCircle
 10
-52.5709657065
 20
-29.9840040202
 30
0.0
 40
0.0500000000000043
  0
CIRCLE
  5
51E
330
1F
100
AcDbEntity
  8
0
  6
Continuous
 62
     7
370
    25
100
AcDbCircle
 10
-52.5709657065
 20
-30.5840040202
 30
0.0
 40
0.0500000000000043
  0
CIRCLE
  5
51F
330
1F
100
AcDbEntity
  8
0
  6
Continuous
 62
     7
370
    25
100
AcDbCircle
 10
-52.5709657065
 20
-30.3840040202
 30
0.0
 40
0.0500000000000114
  0
CIRCLE
  5
520
330
1F
100
AcDbEntity
  8
0
  6
Continuous
 62
     7
370
    25
100
AcDbCircle
 10
-52.5709657065
 20
-29.3840040202
 30
0.0
 40
0.0499999999999972
  0
CIRCLE
  5
521
330
1F
100
AcDbEntity
  8
0
  6
Continuous
 62
     7
370
    25
100
AcDbCircle
 10
-52.9709657065
 20
-32.3840040202
 30
0.0
 40
0.0500000000000043
  0
CIRCLE
  5
522
330
1F
100
AcDbEntity
  8
0
  6
Continuous
 62
     7
370
    25
100
AcDbCircle
 10
-52.9709657065
 20
-32.9840040202
 30
0.0
 40
0.0500000000000043
  0
CIRCLE
  5
523
330
1F
100
AcDbEntity
  8
0
  6
Continuous
 62
     7
370
    25
100
AcDbCircle
 10
-52.9709657065
 20
-32.7840040202
 30
0.0
 40
0.0500000000000043
  0
CIRCLE
  5
524
330
1F
100
AcDbEntity
  8
0
  6
Continuous
 62
     7
370
    25
100
AcDbCircle
 10
-53.1709657065
 20
-32.5840040202
 30
0.0
 40
0.0499999999999972
  0
CIRCLE
  5
525
330
1F
100
AcDbEntity
  8
0
  6
Continuous
 62
     7
370
    25
100
AcDbCircle
 10
-52.9709657065
 20
-33.1840040202
 30
0.0
 40
0.0500000000000043
  0
CIRCLE
  5
526
330
1F
100
AcDbEntity
  8
0
  6
Continuous
 62
     7
370
    25
100
AcDbCircle
 10
-52.7709657065
 20
-29.7840040202
 30
0.0
 40
0.0499999999999972
  0
CIRCLE
  5
527
330
1F
100
AcDbEntity
  8
0
  6
Continuous
 62
     7
370
    25
100
AcDbCircle
 10
-52.7709657065
 20
-29.5840040202
 30
0.0
 40
0.0500000000000114
  0
CIRCLE
  5
528
330
1F
100
AcDbEntity
  8
0
  6
Continuous
 62
     7
370
    25
100
AcDbCircle
 10
-52.9709657065
 20
-32.5840040202
 30
0.0
 40
0.0500000000000043
  0
CIRCLE
  5
529
330
1F
100
AcDbEntity
  8
0
  6
Continuous
 62
     7
370
    25
100
AcDbCircle
 10
-53.1709657065
 20
-31.5840040202
 30
0.0
 40
0.0500000000000043
  0
CIRCLE
  5
52A
330
1F
100
AcDbEntity
  8
0
  6
Continuous
 62
     7
370
    25
100
AcDbCircle
 10
-53.1709657065
 20
-32.1840040202
 30
0.0
 40
0.0500000000000114
  0
CIRCLE
  5
52B
330
1F
100
AcDbEntity
  8
0
  6
Continuous
 62
     7
370
    25
100
AcDbCircle
 10
-53.1709657065
 20
-31.9840040202
 30
0.0
 40
0.0500000000000185
  0
CIRCLE
  5
52C
330
1F
100
AcDbEntity
  8
0
  6
Continuous
 62
     7
370
    25
100
AcDbCircle
 10
-52.9709657065
 20
-30.1840040202
 30
0.0
 40
0.0500000000000043
  0
CIRCLE
  5
52D
330
1F
100
AcDbEntity
  8
0
  6
Continuous
 62
     7
370
    25
100
AcDbCircle
 10
-53.1709657065
 20
-32.3840040202
 30
0.0
 40
0.0499999999999972
  0
CIRCLE
  5
52E
330
1F
100
AcDbEntity
  8
0
  6
Continuous
 62
     7
370
    25
100
AcDbCircle
 10
-53.1709657065
 20
-32.9840040202
 30
0.0
 40
0.0499999999999829
  0
CIRCLE
  5
52F
330
1F
100
AcDbEntity
  8
0
  6
Continuous
 62
     7
370
    25
100
AcDbCircle
 10
-53.1709657065
 20
-32.7840040202
 30
0.0
 40
0.0499999999999972
  0
CIRCLE
  5
530
330
1F
100
AcDbEntity
  8
0
  6
Continuous
 62
     7
370
    25
100
AcDbCircle
 10
-53.1709657065
 20
-31.7840040202
 30
0.0
 40
0.0500000000000043
  0
CIRCLE
  5
531
330
1F
100
AcDbEntity
  8
0
  6
Continuous
 62
     7
370
    25
100
AcDbCircle
 10
-52.7709657065
 20
-31.5840040202
 30
0.0
 40
0.0500000000000043
  0
CIRCLE
  5
532
330
1F
100
AcDbEntity
  8
0
  6
Continuous
 62
     7
370
    25
100
AcDbCircle
 10
-52.7709657065
 20
-32.1840040202
 30
0.0
 40
0.0500000000000043
  0
CIRCLE
  5
533
330
1F
100
AcDbEntity
  8
0
  6
Continuous
 62
     7
370
    25
100
AcDbCircle
 10
-52.7709657065
 20
-31.9840040202
 30
0.0
 40
0.0500000000000043
  0
CIRCLE
  5
534
330
1F
100
AcDbEntity
  8
0
  6
Continuous
 62
     7
370
    25
100
AcDbCircle
 10
-53.5709657065
 20
-30.9840040202
 30
0.0
 40
0.0500000000000043
  0
CIRCLE
  5
535
330
1F
100
AcDbEntity
  8
0
  6
Continuous
 62
     7
370
    25
100
AcDbCircle
 10
-52.7709657065
 20
-32.3840040202
 30
0.0
 40
0.0500000000000043
  0
CIRCLE
  5
536
330
1F
100
AcDbEntity
  8
0
  6
Continuous
 62
     7
370
    25
100
AcDbCircle
 10
-52.7709657065
 20
-32.9840040202
 30
0.0
 40
0.0500000000000114
  0
CIRCLE
  5
537
330
1F
100
AcDbEntity
  8
0
  6
Continuous
 62
     7
370
    25
100
AcDbCircle
 10
-52.7709657065
 20
-32.7840040202
 30
0.0
 40
0.0500000000000043
  0
CIRCLE
  5
538
330
1F
100
AcDbEntity
  8
0
  6
Continuous
 62
     7
370
    25
100
AcDbCircle
 10
-52.7709657065
 20
-31.7840040202
 30
0.0
 40
0.0500000000000043
  0
CIRCLE
  5
539
330
1F
100
AcDbEntity
  8
0
  6
Continuous
 62
     7
370
    25
100
AcDbCircle
 10
-53.5709657065
 20
-29.9840040202
 30
0.0
 40
0.0500000000000043
  0
CIRCLE
  5
53A
330
1F
100
AcDbEntity
  8
0
  6
Continuous
 62
     7
370
    25
100
AcDbCircle
 10
-53.5709657065
 20
-30.5840040202
 30
0.0
 40
0.0500000000000043
  0
CIRCLE
  5
53B
330
1F
100
AcDbEntity
  8
0
  6
Continuous
 62
     7
370
    25
100
AcDbCircle
 10
-53.5709657065
 20
-30.3840040202
 30
0.0
 40
0.0500000000000043
  0
CIRCLE
  5
53C
330
1F
100
AcDbEntity
  8
0
  6
Continuous
 62
     7
370
    25
100
AcDbCircle
 10
-53.5709657065
 20
-32.5840040202
 30
0.0
 40
0.0499999999999972
  0
CIRCLE
  5
53D
330
1F
100
AcDbEntity
  8
0
  6
Continuous
 62
     7
370
    25
100
AcDbCircle
 10
-53.5709657065
 20
-30.7840040202
 30
0.0
 40
0.0500000000000043
  0
CIRCLE
  5
53E
330
1F
100
AcDbEntity
  8
0
  6
Continuous
 62
     7
370
    25
100
AcDbCircle
 10
-53.5709657065
 20
-31.3840040202
 30
0.0
 40
0.0500000000000114
  0
CIRCLE
  5
53F
330
1F
100
AcDbEntity
  8
0
  6
Continuous
 62
     7
370
    25
100
AcDbCircle
 10
-53.5709657065
 20
-31.1840040202
 30
0.0
 40
0.0500000000000043
  0
CIRCLE
  5
540
330
1F
100
AcDbEntity
  8
0
  6
Continuous
 62
     7
370
    25
100
AcDbCircle
 10
-53.5709657065
 20
-30.1840040202
 30
0.0
 40
0.0500000000000043
  0
CIRCLE
  5
541
330
1F
100
AcDbEntity
  8
0
  6
Continuous
 62
     7
370
    25
100
AcDbCircle
 10
-52.5709657065
 20
-30.7840040202
 30
0.0
 40
0.0500000000000043
  0
CIRCLE
  5
542
330
1F
100
AcDbEntity
  8
0
  6
Continuous
 62
     7
370
    25
100
AcDbCircle
 10
-52.5709657065
 20
-31.3840040202
 30
0.0
 40
0.0499999999999972
  0
CIRCLE
  5
543
330
1F
100
AcDbEntity
  8
0
  6
Continuous
 62
     7
370
    25
100
AcDbCircle
 10
-52.5709657065
 20
-31.1840040202
 30
0.0
 40
0.0500000000000043
  0
CIRCLE
  5
544
330
1F
100
AcDbEntity
  8
0
  6
Continuous
 62
     7
370
    25
100
AcDbCircle
 10
-52.7709657065
 20
-30.9840040202
 30
0.0
 40
0.0500000000000043
  0
CIRCLE
  5
545
330
1F
100
AcDbEntity
  8
0
  6
Continuous
 62
     7
370
    25
100
AcDbCircle
 10
-52.5709657065
 20
-31.5840040202
 30
0.0
 40
0.0499999999999972
  0
CIRCLE
  5
546
330
1F
100
AcDbEntity
  8
0
  6
Continuous
 62
     7
370
    25
100
AcDbCircle
 10
-52.5709657065
 20
-32.1840040202
 30
0.0
 40
0.0500000000000043
  0
CIRCLE
  5
547
330
1F
100
AcDbEntity
  8
0
  6
Continuous
 62
     7
370
    25
100
AcDbCircle
 10
-52.5709657065
 20
-31.9840040202
 30
0.0
 40
0.0499999999999972
  0
CIRCLE
  5
548
330
1F
100
AcDbEntity
  8
0
  6
Continuous
 62
     7
370
    25
100
AcDbCircle
 10
-52.5709657065
 20
-30.9840040202
 30
0.0
 40
0.0500000000000043
  0
CIRCLE
  5
549
330
1F
100
AcDbEntity
  8
0
  6
Continuous
 62
     7
370
    25
100
AcDbCircle
 10
-52.7709657065
 20
-29.9840040202
 30
0.0
 40
0.0499999999999972
  0
CIRCLE
  5
54A
330
1F
100
AcDbEntity
  8
0
  6
Continuous
 62
     7
370
    25
100
AcDbCircle
 10
-52.7709657065
 20
-30.5840040202
 30
0.0
 40
0.0500000000000114
  0
CIRCLE
  5
54B
330
1F
100
AcDbEntity
  8
0
  6
Continuous
 62
     7
370
    25
100
AcDbCircle
 10
-52.7709657065
 20
-30.3840040202
 30
0.0
 40
0.0499999999999972
  0
CIRCLE
  5
54C
330
1F
100
AcDbEntity
  8
0
  6
Continuous
 62
     7
370
    25
100
AcDbCircle
 10
-52.7709657065
 20
-32.5840040202
 30
0.0
 40
0.0500000000000043
  0
CIRCLE
  5
54D
330
1F
100
AcDbEntity
  8
0
  6
Continuous
 62
     7
370
    25
100
AcDbCircle
 10
-52.7709657065
 20
-30.7840040202
 30
0.0
 40
0.0500000000000043
  0
CIRCLE
  5
54E
330
1F
100
AcDbEntity
  8
0
  6
Continuous
 62
     7
370
    25
100
AcDbCircle
 10
-52.7709657065
 20
-31.3840040202
 30
0.0
 40
0.0500000000000043
  0
CIRCLE
  5
54F
330
1F
100
AcDbEntity
  8
0
  6
Continuous
 62
     7
370
    25
100
AcDbCircle
 10
-52.7709657065
 20
-31.1840040202
 30
0.0
 40
0.0500000000000043
  0
CIRCLE
  5
550
330
1F
100
AcDbEntity
  8
0
  6
Continuous
 62
     7
370
    25
100
AcDbCircle
 10
-52.7709657065
 20
-30.1840040202
 30
0.0
 40
0.0499999999999972
  0
CIRCLE
  5
551
330
1F
100
AcDbEntity
  8
0
  6
Continuous
 62
     7
370
    25
100
AcDbCircle
 10
-55.9709657065
 20
-25.1840040202
 30
0.0
 40
0.0500000000000043
  0
CIRCLE
  5
552
330
1F
100
AcDbEntity
  8
0
  6
Continuous
 62
     7
370
    25
100
AcDbCircle
 10
-57.7709657065
 20
-25.7840040202
 30
0.0
 40
0.0500000000000114
  0
CIRCLE
  5
553
330
1F
100
AcDbEntity
  8
0
  6
Continuous
 62
     7
370
    25
100
AcDbCircle
 10
-55.9709657065
 20
-25.5840040202
 30
0.0
 40
0.0499999999999972
  0
CIRCLE
  5
554
330
1F
100
AcDbEntity
  8
0
  6
Continuous
 62
     7
370
    25
100
AcDbCircle
 10
-55.5709657065
 20
-25.3840040202
 30
0.0
 40
0.0499999999999972
  0
CIRCLE
  5
555
330
1F
100
AcDbEntity
  8
0
  6
Continuous
 62
     7
370
    25
100
AcDbCircle
 10
-54.1709657065
 20
-25.3840040202
 30
0.0
 40
0.0500000000000043
  0
CIRCLE
  5
556
330
1F
100
AcDbEntity
  8
0
  6
Continuous
 62
     7
370
    25
100
AcDbCircle
 10
-57.9709657065
 20
-25.7840040202
 30
0.0
 40
0.0499999999999972
  0
CIRCLE
  5
557
330
1F
100
AcDbEntity
  8
0
  6
Continuous
 62
     7
370
    25
100
AcDbCircle
 10
-56.5709657065
 20
-25.3840040202
 30
0.0
 40
0.0500000000000043
  0
CIRCLE
  5
558
330
1F
100
AcDbEntity
  8
0
  6
Continuous
 62
     7
370
    25
100
AcDbCircle
 10
-52.9709657065
 20
-25.7840040202
 30
0.0
 40
0.0499999999999972
  0
CIRCLE
  5
559
330
1F
100
AcDbEntity
  8
0
  6
Continuous
 62
     7
370
    25
100
AcDbCircle
 10
-55.5709657065
 20
-25.1840040202
 30
0.0
 40
0.0499999999999972
  0
CIRCLE
  5
55A
330
1F
100
AcDbEntity
  8
0
  6
Continuous
 62
     7
370
    25
100
AcDbCircle
 10
-52.9709657065
 20
-25.3840040202
 30
0.0
 40
0.0500000000000114
  0
CIRCLE
  5
55B
330
1F
100
AcDbEntity
  8
0
  6
Continuous
 62
     7
370
    25
100
AcDbCircle
 10
-55.5709657065
 20
-25.5840040202
 30
0.0
 40
0.0500000000000114
  0
CIRCLE
  5
55C
330
1F
100
AcDbEntity
  8
0
  6
Continuous
 62
     7
370
    25
100
AcDbCircle
 10
-55.1709657065
 20
-25.3840040202
 30
0.0
 40
0.0500000000000043
  0
CIRCLE
  5
55D
330
1F
100
AcDbEntity
  8
0
  6
Continuous
 62
     7
370
    25
100
AcDbCircle
 10
-56.7709657065
 20
-25.7840040202
 30
0.0
 40
0.0500000000000043
  0
CIRCLE
  5
55E
330
1F
100
AcDbEntity
  8
0
  6
Continuous
 62
     7
370
    25
100
AcDbCircle
 10
-57.5709657065
 20
-25.7840040202
 30
0.0
 40
0.0500000000000043
  0
CIRCLE
  5
55F
330
1F
100
AcDbEntity
  8
0
  6
Continuous
 62
     7
370
    25
100
AcDbCircle
 10
-53.7709657065
 20
-25.1840040202
 30
0.0
 40
0.0500000000000043
  0
CIRCLE
  5
560
330
1F
100
AcDbEntity
  8
0
  6
Continuous
 62
     7
370
    25
100
AcDbCircle
 10
-52.5709657065
 20
-25.7840040202
 30
0.0
 40
0.0500000000000114
  0
CIRCLE
  5
561
330
1F
100
AcDbEntity
  8
0
  6
Continuous
 62
     7
370
    25
100
AcDbCircle
 10
-55.1709657065
 20
-25.1840040202
 30
0.0
 40
0.0500000000000043
  0
LINE
  5
562
330
1F
100
AcDbEntity
  8
0
  6
Continuous
 62
     7
370
    25
100
AcDbLine
 10
-51.4709657065
 20
-33.1840040202
 30
0.0
 11
-51.4709657065
 21
-25.1840040202
 31
0.0
  0
LINE
  5
563
330
1F
100
AcDbEntity
  8
0
  6
Continuous
 62
     7
370
    25
100
AcDbLine
 10
-57.9709657065
 20
-33.6840040202
 30
0.0
 11
-51.9709657065
 21
-33.6840040202
 31
0.0
  0
LINE
  5
564
330
1F
100
AcDbEntity
  8
0
  6
Continuous
 62
     7
370
    25
100
AcDbLine
 10
-58.4709657065
 20
-25.1840040202
 30
0.0
 11
-58.4709657065
 21
-33.1840040202
 31
0.0
  0
LINE
  5
565
330
1F
100
AcDbEntity
  8
0
  6
Continuous
 62
     7
370
    25
100
AcDbLine
 10
-51.9709657065
 20
-24.6840040202
 30
0.0
 11
-57.9709657065
 21
-24.6840040202
 31
0.0
  0
ARC
  5
566
330
1F
100
AcDbEntity
  8
0
  6
Continuous
 62
     7
370
    25
100
AcDbCircle
 10
-51.9709657065
 20
-33.1840040202
 30
0.0
 40
0.5
100
AcDbArc
 50
270.0
 51
0.0
  0
ARC
  5
567
330
1F
100
AcDbEntity
  8
0
  6
Continuous
 62
     7
370
    25
100
AcDbCircle
 10
-57.9709657065
 20
-33.1840040202
 30
0.0
 40
0.5
100
AcDbArc
 50
180.0
 51
270.0
  0
ARC
  5
568
330
1F
100
AcDbEntity
  8
0
  6
Continuous
 62
     7
370
    25
100
AcDbCircle
 10
-57.9709657065
 20
-25.1840040202
 30
0.0
 40
0.5
100
AcDbArc
 50
90.0
 51
180.0
  0
ARC
  5
569
330
1F
100
AcDbEntity
  8
0
  6
Continuous
 62
     7
370
    25
100
AcDbCircle
 10
-51.9709657065
 20
-25.1840040202
 30
0.0
 40
0.5
100
AcDbArc
 50
0.0
 51
90.0
  0
MTEXT
  5
56B
330
1F
100
AcDbEntity
  8
0
  6
Continuous
 62
     7
100
AcDbMText
 10
-58.4709657065
 20
-33.7241444293
 30
0.0
 40
0.1903
 41
0.0
 71
     1
 72
     1
  1
SOLIDWORKS Educational Product.
  7
SLDTEXTSTYLE0
 73
     1
 44
1.0
  0
MTEXT
  5
56C
330
1F
100
AcDbEntity
  8
0
  6
Continuous
 62
     7
100
AcDbMText
 10
-58.4709657065
 20
-34.0095944293
 30
0.0
 40
0.1903
 41
0.0
 71
     1
 72
     1
  1
For Instructional Use Only.
  7
SLDTEXTSTYLE0
 73
     1
 44
1.0
  0
ENDSEC
  0
SECTION
  2
OBJECTS
  0
DICTIONARY
  5
C
330
0
100
AcDbDictionary
281
     1
  3
ACAD_GROUP
350
D
  3
ACAD_LAYOUT
350
1A
  3
ACAD_MLINESTYLE
350
17
  3
ACAD_PLOTSETTINGS
350
19
  3
ACAD_PLOTSTYLENAME
350
E
  3
ACAD_SCALELIST
350
47
  3
DWGPROPS
350
56D
  0
DICTIONARY
  5
D
102
{ACAD_REACTORS
330
C
102
}
330
C
100
AcDbDictionary
281
     1
  0
DICTIONARY
  5
1A
102
{ACAD_REACTORS
330
C
102
}
330
C
100
AcDbDictionary
281
     1
  3
Layout1
350
1E
  3
Layout2
350
26
  3
Model
350
22
  0
DICTIONARY
  5
17
102
{ACAD_REACTORS
330
C
102
}
330
C
100
AcDbDictionary
281
     1
  3
Standard
350
18
  0
DICTIONARY
  5
19
102
{ACAD_REACTORS
330
C
102
}
330
C
100
AcDbDictionary
281
     1
  0
ACDBDICTIONARYWDFLT
  5
E
102
{ACAD_REACTORS
330
C
102
}
330
C
100
AcDbDictionary
281
     1
  3
Normal
350
F
100
AcDbDictionaryWithDefault
340
F
  0
DICTIONARY
  5
47
102
{ACAD_REACTORS
330
C
102
}
330
C
100
AcDbDictionary
281
     1
  3
A0
350
48
  3
A1
350
49
  3
A2
350
4A
  3
A3
350
4B
  3
A4
350
4C
  3
A5
350
4D
  3
A6
350
4E
  3
A7
350
4F
  3
A8
350
50
  3
A9
350
51
  3
B1
350
52
  3
B2
350
53
  3
B3
350
54
  3
B4
350
55
  3
B5
350
56
  3
B6
350
57
  3
B7
350
58
  0
XRECORD
  5
56D
102
{ACAD_REACTORS
330
C
102
}
330
C
100
AcDbXrecord
280
     1
  1
DWGPROPS COOKIE
  2

  3

  4

  6

  7

  8
sclafamr
  9

300
=
301
=
302
=
303
=
304
=
305
=
306
=
307
=
308
=
309
=
 40
0.0
 41
2461061.607075232
 42
2461061.607193738
  1

 90
        0
  0
LAYOUT
  5
1E
102
{ACAD_REACTORS
330
1A
102
}
330
1A
100
AcDbPlotSettings
  1

  2
none_device
  4

  6

 40
0.0
 41
0.0
 42
0.0
 43
0.0
 44
0.0
 45
0.0
 46
0.0
 47
0.0
 48
0.0
 49
0.0
140
0.0
141
0.0
142
1.0
143
1.0
 70
   688
 72
     0
 73
     0
 74
     5
  7

 75
    16
147
1.0
148
0.0
149
0.0
100
AcDbLayout
  1
Layout1
 70
     1
 71
     1
 10
0.0
 20
0.0
 11
12.0
 21
9.0
 12
0.0
 22
0.0
 32
0.0
 14
1.0000000000E+20
 24
1.0000000000E+20
 34
1.0000000000E+20
 15
-1.0000000000E+20
 25
-1.0000000000E+20
 35
-1.0000000000E+20
146
0.0
 13
0.0
 23
0.0
 33
0.0
 16
1.0
 26
0.0
 36
0.0
 17
0.0
 27
1.0
 37
0.0
 76
     0
330
1B
  0
LAYOUT
  5
26
102
{ACAD_REACTORS
330
1A
102
}
330
1A
100
AcDbPlotSettings
  1

  2
none_device
  4

  6

 40
0.0
 41
0.0
 42
0.0
 43
0.0
 44
0.0
 45
0.0
 46
0.0
 47
0.0
 48
0.0
 49
0.0
140
0.0
141
0.0
142
1.0
143
1.0
 70
   688
 72
     0
 73
     0
 74
     5
  7

 75
    16
147
1.0
148
0.0
149
0.0
100
AcDbLayout
  1
Layout2
 70
     1
 71
     2
 10
0.0
 20
0.0
 11
0.0
 21
0.0
 12
0.0
 22
0.0
 32
0.0
 14
0.0
 24
0.0
 34
0.0
 15
0.0
 25
0.0
 35
0.0
146
0.0
 13
0.0
 23
0.0
 33
0.0
 16
1.0
 26
0.0
 36
0.0
 17
0.0
 27
1.0
 37
0.0
 76
     0
330
23
  0
LAYOUT
  5
22
102
{ACAD_REACTORS
330
1A
102
}
330
1A
100
AcDbPlotSettings
  1

  2
none_device
  4
ANSI_A_(11.00_x_8.50_Inches)
  6

 40
6.35
 41
19.05
 42
6.35000508
 43
19.05000254
 44
279.4
 45
215.9
 46
1438.8554620236
 47
781.9909102052
 48
0.0
 49
0.0
140
0.0
141
0.0
142
0.935
143
1.0
 70
  1696
 72
     0
 73
     0
 74
     0
  7

 75
     0
147
0.5913241897
148
-39.4088153714
149
0.0
100
AcDbLayout
  1
Model
 70
     1
 71
     0
 10
0.0
 20
0.0
 11
12.0
 21
9.0
 12
0.0
 22
0.0
 32
0.0
 14
-58.4709657065
 24
-33.6840040202
 34
0.0
 15
-51.4709657065
 25
-24.6840040202
 35
0.0
146
0.0
 13
0.0
 23
0.0
 33
0.0
 16
1.0
 26
0.0
 36
0.0
 17
0.0
 27
1.0
 37
0.0
 76
     0
330
1F
331
29
  0
MLINESTYLE
  5
18
102
{ACAD_REACTORS
330
17
102
}
330
17
100
AcDbMlineStyle
  2
Standard
 70
     0
  3

 62
   256
 51
90.0
 52
90.0
 71
     2
 49
0.5
 62
   256
  6
BYLAYER
 49
-0.5
 62
   256
  6
BYLAYER
  0
ACDBPLACEHOLDER
  5
F
102
{ACAD_REACTORS
330
E
102
}
330
E
  0
SCALE
  5
48
102
{ACAD_REACTORS
330
47
102
}
330
47
100
AcDbScale
 70
     0
300
1:1
140
1.0
141
1.0
290
     1
  0
SCALE
  5
49
102
{ACAD_REACTORS
330
47
102
}
330
47
100
AcDbScale
 70
     0
300
1/128" = 1'-0"
140
0.0078125
141
12.0
290
     0
  0
SCALE
  5
4A
102
{ACAD_REACTORS
330
47
102
}
330
47
100
AcDbScale
 70
     0
300
1/64" = 1'-0"
140
0.015625
141
12.0
290
     0
  0
SCALE
  5
4B
102
{ACAD_REACTORS
330
47
102
}
330
47
100
AcDbScale
 70
     0
300
1/32" = 1'-0"
140
0.03125
141
12.0
290
     0
  0
SCALE
  5
4C
102
{ACAD_REACTORS
330
47
102
}
330
47
100
AcDbScale
 70
     0
300
1/16" = 1'-0"
140
0.0625
141
12.0
290
     0
  0
SCALE
  5
4D
102
{ACAD_REACTORS
330
47
102
}
330
47
100
AcDbScale
 70
     0
300
3/32" = 1'-0"
140
0.09375
141
12.0
290
     0
  0
SCALE
  5
4E
102
{ACAD_REACTORS
330
47
102
}
330
47
100
AcDbScale
 70
     0
300
1/8" = 1'-0"
140
0.125
141
12.0
290
     0
  0
SCALE
  5
4F
102
{ACAD_REACTORS
330
47
102
}
330
47
100
AcDbScale
 70
     0
300
3/16" = 1'-0"
140
0.1875
141
12.0
290
     0
  0
SCALE
  5
50
102
{ACAD_REACTORS
330
47
102
}
330
47
100
AcDbScale
 70
     0
300
1/4" = 1'-0"
140
0.25
141
12.0
290
     0
  0
SCALE
  5
51
102
{ACAD_REACTORS
330
47
102
}
330
47
100
AcDbScale
 70
     0
300
3/8" = 1'-0"
140
0.375
141
12.0
290
     0
  0
SCALE
  5
52
102
{ACAD_REACTORS
330
47
102
}
330
47
100
AcDbScale
 70
     0
300
1/2" = 1'-0"
140
0.5
141
12.0
290
     0
  0
SCALE
  5
53
102
{ACAD_REACTORS
330
47
102
}
330
47
100
AcDbScale
 70
     0
300
3/4" = 1'-0"
140
0.75
141
12.0
290
     0
  0
SCALE
  5
54
102
{ACAD_REACTORS
330
47
102
}
330
47
100
AcDbScale
 70
     0
300
1" = 1'-0"
140
1.0
141
12.0
290
     0
  0
SCALE
  5
55
102
{ACAD_REACTORS
330
47
102
}
330
47
100
AcDbScale
 70
     0
300
1-1/2" = 1'-0"
140
1.5
141
12.0
290
     0
  0
SCALE
  5
56
102
{ACAD_REACTORS
330
47
102
}
330
47
100
AcDbScale
 70
     0
300
3" = 1'-0"
140
3.0
141
12.0
290
     0
  0
SCALE
  5
57
102
{ACAD_REACTORS
330
47
102
}
330
47
100
AcDbScale
 70
     0
300
6" = 1'-0"
140
6.0
141
12.0
290
     0
  0
SCALE
  5
58
102
{ACAD_REACTORS
330
47
102
}
330
47
100
AcDbScale
 70
     0
300
1'-0" = 1'-0"
140
12.0
141
12.0
290
     0
  0
ENDSEC
  0
EOF
